"Date","Price","Open","High","Low","Vol.","Change %"
"Mar 04, 2021","0.00002411","0.00002406","0.00002445","0.00002394","113.89M","0.04%"
"Mar 03, 2021","0.00002410","0.00002528","0.00002528","0.00002410","120.76M","-4.71%"
"Mar 02, 2021","0.00002529","0.00002615","0.00002615","0.00002449","193.36M","-3.10%"
"Mar 01, 2021","0.00002610","0.00002913","0.00002913","0.00002589","279.80M","-10.25%"
"Feb 28, 2021","0.00002908","0.00002853","0.00002912","0.00002651","373.29M","1.93%"
"Feb 27, 2021","0.00002853","0.00002696","0.00003079","0.00002661","603.43M","6.26%"
"Feb 26, 2021","0.00002685","0.00002288","0.00002701","0.00002235","472.09M","17.35%"
"Feb 25, 2021","0.00002288","0.00002109","0.00002307","0.00002058","256.18M","8.38%"
"Feb 24, 2021","0.00002111","0.00001966","0.00002116","0.00001964","239.42M","6.99%"
"Feb 23, 2021","0.00001973","0.00002031","0.00002110","0.00001904","411.91M","-2.57%"
"Feb 22, 2021","0.00002025","0.00001915","0.00002066","0.00001848","337.29M","5.69%"
"Feb 21, 2021","0.00001916","0.00001990","0.00001994","0.00001893","225.57M","-3.91%"
"Feb 20, 2021","0.00001994","0.00001659","0.00002041","0.00001657","526.84M","20.27%"
"Feb 19, 2021","0.00001658","0.00001778","0.00001778","0.00001658","173.86M","-6.49%"
"Feb 18, 2021","0.00001773","0.00001710","0.00001814","0.00001710","209.22M","3.56%"
"Feb 17, 2021","0.00001712","0.00001771","0.00001771","0.00001656","164.47M","-3.33%"
"Feb 16, 2021","0.00001771","0.00001797","0.00001832","0.00001771","195.66M","-1.39%"
"Feb 15, 2021","0.00001796","0.00001735","0.00001838","0.00001567","301.48M","3.52%"
"Feb 14, 2021","0.00001735","0.00001939","0.00001939","0.00001705","238.97M","-10.29%"
"Feb 13, 2021","0.00001934","0.00001958","0.00001980","0.00001864","197.50M","-0.97%"
"Feb 12, 2021","0.00001953","0.00001939","0.00001953","0.00001880","233.75M","0.83%"
"Feb 11, 2021","0.00001937","0.00002102","0.00002102","0.00001937","379.51M","-7.63%"
"Feb 10, 2021","0.00002097","0.00001520","0.00002097","0.00001520","620.05M","38.23%"
"Feb 09, 2021","0.00001517","0.00001447","0.00001517","0.00001447","287.20M","3.90%"
"Feb 08, 2021","0.00001460","0.00001699","0.00001700","0.00001460","415.64M","-14.37%"
"Feb 07, 2021","0.00001705","0.00001618","0.00001759","0.00001616","628.96M","6.10%"
"Feb 06, 2021","0.00001607","0.00001400","0.00001629","0.00001341","480.12M","13.89%"
"Feb 05, 2021","0.00001411","0.00001192","0.00001458","0.00001189","455.52M","18.57%"
"Feb 04, 2021","0.00001190","0.00001174","0.00001190","0.00001142","173.65M","1.36%"
"Feb 03, 2021","0.00001174","0.00001205","0.00001205","0.00001153","169.77M","-1.92%"
"Feb 02, 2021","0.00001197","0.00001219","0.00001283","0.00001185","476.92M","-1.72%"
"Feb 01, 2021","0.00001218","0.00001042","0.00001218","0.00001028","305.75M","16.78%"
"Jan 31, 2021","0.00001043","0.00001062","0.00001082","0.00001043","115.37M","-1.70%"
"Jan 30, 2021","0.00001061","0.00001016","0.00001084","0.00000998","173.31M","4.64%"
"Jan 29, 2021","0.00001014","0.00001032","0.00001081","0.00000963","251.37M","-1.55%"
"Jan 28, 2021","0.00001030","0.00001024","0.00001077","0.00001024","118.11M","0.29%"
"Jan 27, 2021","0.00001027","0.00001055","0.00001059","0.00001024","89.81M","-2.93%"
"Jan 26, 2021","0.00001058","0.00001063","0.00001074","0.00001055","72.96M","-0.47%"
"Jan 25, 2021","0.00001063","0.00001099","0.00001099","0.00001038","112.49M","-3.10%"
"Jan 24, 2021","0.00001097","0.00001079","0.00001123","0.00001068","133.20M","1.86%"
"Jan 23, 2021","0.00001077","0.00001059","0.00001082","0.00001059","93.86M","1.70%"
"Jan 22, 2021","0.00001059","0.00001000","0.00001086","0.00001000","217.22M","6.01%"
"Jan 21, 2021","0.00000999","0.00001060","0.00001060","0.00000999","228.77M","-5.58%"
"Jan 20, 2021","0.00001058","0.00001023","0.00001058","0.00000984","142.39M","3.42%"
"Jan 19, 2021","0.00001023","0.00001014","0.00001023","0.00000997","172.29M","1.09%"
"Jan 18, 2021","0.00001012","0.00001063","0.00001085","0.00001009","206.31M","-4.89%"
"Jan 17, 2021","0.00001064","0.00000973","0.00001073","0.00000973","420.75M","9.13%"
"Jan 16, 2021","0.00000975","0.00000822","0.00000975","0.00000822","380.83M","18.61%"
"Jan 15, 2021","0.00000822","0.00000796","0.00000850","0.00000796","186.71M","3.14%"
"Jan 14, 2021","0.00000797","0.00000837","0.00000840","0.00000787","167.43M","-4.78%"
"Jan 13, 2021","0.00000837","0.00000848","0.00000848","0.00000837","197.55M","-1.41%"
"Jan 12, 2021","0.00000849","0.00000777","0.00000849","0.00000777","234.33M","8.99%"
"Jan 11, 2021","0.00000779","0.00000792","0.00000800","0.00000764","298.36M","-1.52%"
"Jan 10, 2021","0.00000791","0.00000829","0.00000829","0.00000790","234.58M","-4.12%"
"Jan 09, 2021","0.00000825","0.00000750","0.00000825","0.00000750","221.64M","10.15%"
"Jan 08, 2021","0.00000749","0.00000761","0.00000786","0.00000719","336.19M","-1.19%"
"Jan 07, 2021","0.00000758","0.00000907","0.00000908","0.00000758","460.21M","-16.34%"
"Jan 06, 2021","0.00000906","0.00000765","0.00000937","0.00000754","747.46M","18.59%"
"Jan 05, 2021","0.00000764","0.00000704","0.00000770","0.00000685","369.96M","8.22%"
"Jan 04, 2021","0.00000706","0.00000626","0.00000709","0.00000626","345.70M","13.14%"
"Jan 03, 2021","0.00000624","0.00000550","0.00000624","0.00000520","257.25M","13.04%"
"Jan 02, 2021","0.00000552","0.00000598","0.00000598","0.00000551","193.06M","-7.54%"
"Jan 01, 2021","0.00000597","0.00000626","0.00000626","0.00000597","100.23M","-4.63%"
"Dec 31, 2020","0.00000626","0.00000638","0.00000638","0.00000616","94.20M","-1.73%"
"Dec 30, 2020","0.00000637","0.00000697","0.00000697","0.00000627","194.39M","-8.87%"
"Dec 29, 2020","0.00000699","0.00000652","0.00000717","0.00000652","318.63M","7.21%"
"Dec 28, 2020","0.00000652","0.00000590","0.00000652","0.00000590","195.47M","10.70%"
"Dec 27, 2020","0.00000589","0.00000597","0.00000599","0.00000554","212.93M","-1.67%"
"Dec 26, 2020","0.00000599","0.00000635","0.00000635","0.00000599","130.81M","-6.11%"
"Dec 25, 2020","0.00000638","0.00000645","0.00000660","0.00000636","124.99M","-1.24%"
"Dec 24, 2020","0.00000646","0.00000584","0.00000646","0.00000584","136.24M","9.86%"
"Dec 23, 2020","0.00000588","0.00000657","0.00000658","0.00000588","158.25M","-10.77%"
"Dec 22, 2020","0.00000659","0.00000672","0.00000690","0.00000659","81.54M","-2.08%"
"Dec 21, 2020","0.00000673","0.00000688","0.00000688","0.00000667","82.96M","-2.60%"
"Dec 20, 2020","0.00000691","0.00000688","0.00000703","0.00000688","73.28M","0.14%"
"Dec 19, 2020","0.00000690","0.00000715","0.00000737","0.00000690","78.83M","-3.36%"
"Dec 18, 2020","0.00000714","0.00000717","0.00000729","0.00000711","71.73M","-0.28%"
"Dec 17, 2020","0.00000716","0.00000789","0.00000789","0.00000716","164.88M","-9.14%"
"Dec 16, 2020","0.00000788","0.00000790","0.00000790","0.00000766","97.91M","-0.51%"
"Dec 15, 2020","0.00000792","0.00000824","0.00000824","0.00000792","58.81M","-3.88%"
"Dec 14, 2020","0.00000824","0.00000804","0.00000824","0.00000786","61.58M","2.74%"
"Dec 13, 2020","0.00000802","0.00000768","0.00000805","0.00000768","63.55M","4.56%"
"Dec 12, 2020","0.00000767","0.00000772","0.00000798","0.00000767","55.55M","-0.65%"
"Dec 11, 2020","0.00000772","0.00000779","0.00000782","0.00000771","67.44M","-0.64%"
"Dec 10, 2020","0.00000777","0.00000800","0.00000800","0.00000777","58.67M","-2.63%"
"Dec 09, 2020","0.00000798","0.00000771","0.00000799","0.00000754","119.92M","3.50%"
"Dec 08, 2020","0.00000771","0.00000803","0.00000804","0.00000765","94.83M","-4.10%"
"Dec 07, 2020","0.00000804","0.00000819","0.00000819","0.00000803","48.73M","-1.83%"
"Dec 06, 2020","0.00000819","0.00000837","0.00000837","0.00000814","55.41M","-1.80%"
"Dec 05, 2020","0.00000834","0.00000792","0.00000839","0.00000792","61.07M","5.17%"
"Dec 04, 2020","0.00000793","0.00000845","0.00000845","0.00000793","105.88M","-6.15%"
"Dec 03, 2020","0.00000845","0.00000825","0.00000850","0.00000825","99.53M","2.30%"
"Dec 02, 2020","0.00000826","0.00000829","0.00000832","0.00000812","86.71M","-0.36%"
"Dec 01, 2020","0.00000829","0.00000874","0.00000874","0.00000827","211.65M","-5.26%"
"Nov 30, 2020","0.00000875","0.00000919","0.00000926","0.00000862","191.02M","-4.27%"
"Nov 29, 2020","0.00000914","0.00000931","0.00000931","0.00000894","144.85M","-1.83%"
"Nov 28, 2020","0.00000931","0.00000827","0.00000931","0.00000827","280.22M","12.71%"
"Nov 27, 2020","0.00000826","0.00000808","0.00000826","0.00000799","121.43M","2.48%"
"Nov 26, 2020","0.00000806","0.00000823","0.00000833","0.00000729","421.78M","-2.66%"
"Nov 25, 2020","0.00000828","0.00000873","0.00000890","0.00000828","289.73M","-5.05%"
"Nov 24, 2020","0.00000872","0.00000843","0.00000940","0.00000821","584.73M","3.81%"
"Nov 23, 2020","0.00000840","0.00000800","0.00000841","0.00000793","328.47M","6.06%"
"Nov 22, 2020","0.00000792","0.00000717","0.00000817","0.00000662","495.58M","10.92%"
"Nov 21, 2020","0.00000714","0.00000634","0.00000714","0.00000634","194.01M","12.62%"
"Nov 20, 2020","0.00000634","0.00000596","0.00000634","0.00000586","119.76M","6.91%"
"Nov 19, 2020","0.00000593","0.00000600","0.00000604","0.00000591","62.32M","-1.17%"
"Nov 18, 2020","0.00000600","0.00000620","0.00000624","0.00000587","99.12M","-3.38%"
"Nov 17, 2020","0.00000621","0.00000622","0.00000656","0.00000618","121.49M","-0.16%"
"Nov 16, 2020","0.00000622","0.00000630","0.00000633","0.00000620","45.33M","-1.27%"
"Nov 15, 2020","0.00000630","0.00000648","0.00000655","0.00000630","35.52M","-2.78%"
"Nov 14, 2020","0.00000648","0.00000652","0.00000658","0.00000644","38.32M","-0.61%"
"Nov 13, 2020","0.00000652","0.00000643","0.00000661","0.00000640","54.60M","1.56%"
"Nov 12, 2020","0.00000642","0.00000675","0.00000678","0.00000642","70.67M","-4.89%"
"Nov 11, 2020","0.00000675","0.00000692","0.00000702","0.00000675","69.50M","-2.46%"
"Nov 10, 2020","0.00000692","0.00000689","0.00000703","0.00000688","62.61M","0.44%"
"Nov 09, 2020","0.00000689","0.00000686","0.00000693","0.00000674","67.85M","0.15%"
"Nov 08, 2020","0.00000688","0.00000682","0.00000703","0.00000682","57.96M","0.73%"
"Nov 07, 2020","0.00000683","0.00000701","0.00000723","0.00000681","140.91M","-2.57%"
"Nov 06, 2020","0.00000701","0.00000626","0.00000702","0.00000626","164.40M","11.98%"
"Nov 05, 2020","0.00000626","0.00000676","0.00000678","0.00000624","104.43M","-7.12%"
"Nov 04, 2020","0.00000674","0.00000666","0.00000689","0.00000666","89.35M","0.90%"
"Nov 03, 2020","0.00000668","0.00000680","0.00000683","0.00000668","55.90M","-1.91%"
"Nov 02, 2020","0.00000681","0.00000714","0.00000721","0.00000681","62.89M","-4.62%"
"Nov 01, 2020","0.00000714","0.00000675","0.00000714","0.00000675","51.98M","6.09%"
"Oct 31, 2020","0.00000673","0.00000689","0.00000694","0.00000672","46.30M","-2.32%"
"Oct 30, 2020","0.00000689","0.00000707","0.00000707","0.00000686","79.86M","-2.82%"
"Oct 29, 2020","0.00000709","0.00000745","0.00000759","0.00000709","74.45M","-4.70%"
"Oct 28, 2020","0.00000744","0.00000751","0.00000751","0.00000724","66.61M","-1.06%"
"Oct 27, 2020","0.00000752","0.00000789","0.00000795","0.00000752","68.80M","-4.81%"
"Oct 26, 2020","0.00000790","0.00000816","0.00000818","0.00000782","57.60M","-3.19%"
"Oct 25, 2020","0.00000816","0.00000823","0.00000828","0.00000816","36.36M","-0.85%"
"Oct 24, 2020","0.00000823","0.00000837","0.00000844","0.00000823","35.78M","-1.56%"
"Oct 23, 2020","0.00000836","0.00000853","0.00000856","0.00000826","69.21M","-1.99%"
"Oct 22, 2020","0.00000853","0.00000827","0.00000855","0.00000827","76.69M","3.02%"
"Oct 21, 2020","0.00000828","0.00000859","0.00000859","0.00000822","112.81M","-3.61%"
"Oct 20, 2020","0.00000859","0.00000923","0.00000926","0.00000848","96.56M","-6.93%"
"Oct 19, 2020","0.00000923","0.00000934","0.00000940","0.00000923","51.60M","-1.18%"
"Oct 18, 2020","0.00000934","0.00000932","0.00000936","0.00000926","21.23M","0.21%"
"Oct 17, 2020","0.00000932","0.00000920","0.00000940","0.00000919","32.48M","1.19%"
"Oct 16, 2020","0.00000921","0.00000926","0.00000928","0.00000912","47.42M","-0.75%"
"Oct 15, 2020","0.00000928","0.00000937","0.00000944","0.00000927","45.32M","-1.07%"
"Oct 14, 2020","0.00000938","0.00000957","0.00000966","0.00000935","68.80M","-1.99%"
"Oct 13, 2020","0.00000957","0.00000950","0.00000984","0.00000950","87.99M","0.84%"
"Oct 12, 2020","0.00000949","0.00000938","0.00000963","0.00000917","81.52M","1.17%"
"Oct 11, 2020","0.00000938","0.00000930","0.00000949","0.00000930","70.53M","0.97%"
"Oct 10, 2020","0.00000929","0.00000917","0.00000963","0.00000917","137.78M","1.20%"
"Oct 09, 2020","0.00000918","0.00000882","0.00000923","0.00000878","57.45M","4.20%"
"Oct 08, 2020","0.00000881","0.00000878","0.00000883","0.00000866","53.66M","0.23%"
"Oct 07, 2020","0.00000879","0.00000877","0.00000881","0.00000860","35.92M","0.34%"
"Oct 06, 2020","0.00000876","0.00000903","0.00000910","0.00000871","64.45M","-3.10%"
"Oct 05, 2020","0.00000904","0.00000908","0.00000927","0.00000898","49.06M","-0.44%"
"Oct 04, 2020","0.00000908","0.00000885","0.00000909","0.00000877","40.84M","2.60%"
"Oct 03, 2020","0.00000885","0.00000878","0.00000897","0.00000878","27.08M","0.80%"
"Oct 02, 2020","0.00000878","0.00000923","0.00000930","0.00000873","86.28M","-4.88%"
"Oct 01, 2020","0.00000923","0.00000940","0.00000953","0.00000916","65.21M","-1.81%"
"Sep 30, 2020","0.00000940","0.00000934","0.00000940","0.00000913","46.43M","0.53%"
"Sep 29, 2020","0.00000935","0.00000937","0.00000956","0.00000919","63.79M","-0.43%"
"Sep 28, 2020","0.00000939","0.00000942","0.00000971","0.00000939","104.18M","-0.11%"
"Sep 27, 2020","0.00000940","0.00000889","0.00000942","0.00000889","105.77M","5.74%"
"Sep 26, 2020","0.00000889","0.00000910","0.00000910","0.00000871","91.60M","-1.98%"
"Sep 25, 2020","0.00000907","0.00000769","0.00000907","0.00000769","213.97M","17.95%"
"Sep 24, 2020","0.00000769","0.00000748","0.00000773","0.00000748","77.00M","2.81%"
"Sep 23, 2020","0.00000748","0.00000773","0.00000782","0.00000746","60.63M","-3.36%"
"Sep 22, 2020","0.00000774","0.00000768","0.00000788","0.00000768","58.07M","1.04%"
"Sep 21, 2020","0.00000766","0.00000818","0.00000820","0.00000764","109.37M","-6.36%"
"Sep 20, 2020","0.00000818","0.00000825","0.00000838","0.00000818","48.84M","-0.85%"
"Sep 19, 2020","0.00000825","0.00000830","0.00000839","0.00000825","38.20M","-1.08%"
"Sep 18, 2020","0.00000834","0.00000856","0.00000856","0.00000830","56.02M","-3.02%"
"Sep 17, 2020","0.00000860","0.00000836","0.00000862","0.00000836","66.37M","2.99%"
"Sep 16, 2020","0.00000835","0.00000865","0.00000865","0.00000820","101.06M","-3.36%"
"Sep 15, 2020","0.00000864","0.00000904","0.00000904","0.00000864","57.24M","-4.53%"
"Sep 14, 2020","0.00000905","0.00000920","0.00000920","0.00000898","52.97M","-1.52%"
"Sep 13, 2020","0.00000919","0.00000936","0.00000939","0.00000913","75.21M","-1.82%"
"Sep 12, 2020","0.00000936","0.00000933","0.00000945","0.00000923","48.08M","0.32%"
"Sep 11, 2020","0.00000933","0.00000938","0.00000938","0.00000913","72.84M","-0.64%"
"Sep 10, 2020","0.00000939","0.00000914","0.00000951","0.00000914","105.36M","2.85%"
"Sep 09, 2020","0.00000913","0.00000899","0.00000917","0.00000895","70.87M","1.44%"
"Sep 08, 2020","0.00000900","0.00000904","0.00000922","0.00000900","113.60M","-0.22%"
"Sep 07, 2020","0.00000902","0.00000903","0.00000905","0.00000867","118.80M","-0.22%"
"Sep 06, 2020","0.00000904","0.00000884","0.00000921","0.00000866","169.43M","2.15%"
"Sep 05, 2020","0.00000885","0.00000973","0.00000973","0.00000885","169.78M","-9.04%"
"Sep 04, 2020","0.00000973","0.00000932","0.00000977","0.00000932","207.92M","4.29%"
"Sep 03, 2020","0.00000933","0.00001009","0.00001009","0.00000933","182.76M","-7.53%"
"Sep 02, 2020","0.00001009","0.00001045","0.00001049","0.00001004","130.94M","-3.54%"
"Sep 01, 2020","0.00001046","0.00001053","0.00001063","0.00001024","151.55M","-0.57%"
"Aug 31, 2020","0.00001052","0.00001004","0.00001069","0.00000988","162.62M","4.89%"
"Aug 30, 2020","0.00001003","0.00001014","0.00001017","0.00000988","99.69M","-0.99%"
"Aug 29, 2020","0.00001013","0.00000950","0.00001013","0.00000946","91.61M","6.74%"
"Aug 28, 2020","0.00000949","0.00000947","0.00000961","0.00000945","109.34M","0.21%"
"Aug 27, 2020","0.00000947","0.00001001","0.00001007","0.00000927","166.94M","-5.11%"
"Aug 26, 2020","0.00000998","0.00000993","0.00001013","0.00000992","122.17M","0.50%"
"Aug 25, 2020","0.00000993","0.00001051","0.00001054","0.00000963","229.12M","-5.61%"
"Aug 24, 2020","0.00001052","0.00001043","0.00001063","0.00001038","84.17M","1.06%"
"Aug 23, 2020","0.00001041","0.00001074","0.00001074","0.00001041","67.97M","-3.07%"
"Aug 22, 2020","0.00001074","0.00001068","0.00001076","0.00001056","84.11M","0.75%"
"Aug 21, 2020","0.00001066","0.00001133","0.00001133","0.00001066","102.21M","-5.75%"
"Aug 20, 2020","0.00001131","0.00001104","0.00001131","0.00001088","79.70M","2.54%"
"Aug 19, 2020","0.00001103","0.00001147","0.00001147","0.00001098","108.12M","-3.67%"
"Aug 18, 2020","0.00001145","0.00001142","0.00001155","0.00001132","96.19M","-0.09%"
"Aug 17, 2020","0.00001146","0.00001166","0.00001205","0.00001129","188.64M","-1.80%"
"Aug 16, 2020","0.00001167","0.00001168","0.00001170","0.00001158","89.45M","-0.09%"
"Aug 15, 2020","0.00001168","0.00001177","0.00001183","0.00001154","97.51M","-0.68%"
"Aug 14, 2020","0.00001176","0.00001182","0.00001198","0.00001176","98.22M","-0.68%"
"Aug 13, 2020","0.00001184","0.00001182","0.00001200","0.00001170","128.63M","0.08%"
"Aug 12, 2020","0.00001183","0.00001201","0.00001201","0.00001145","150.26M","-1.58%"
"Aug 11, 2020","0.00001202","0.00001212","0.00001212","0.00001187","105.33M","-0.58%"
"Aug 10, 2020","0.00001209","0.00001243","0.00001243","0.00001201","123.04M","-2.81%"
"Aug 09, 2020","0.00001244","0.00001250","0.00001274","0.00001234","138.65M","-0.32%"
"Aug 08, 2020","0.00001248","0.00001198","0.00001248","0.00001197","115.78M","4.26%"
"Aug 07, 2020","0.00001197","0.00001231","0.00001241","0.00001188","121.96M","-2.52%"
"Aug 06, 2020","0.00001228","0.00001212","0.00001228","0.00001207","150.79M","1.49%"
"Aug 05, 2020","0.00001210","0.00001283","0.00001286","0.00001210","116.96M","-5.54%"
"Aug 04, 2020","0.00001281","0.00001224","0.00001303","0.00001216","178.41M","4.66%"
"Aug 03, 2020","0.00001224","0.00001209","0.00001236","0.00001205","91.34M","1.32%"
"Aug 02, 2020","0.00001208","0.00001221","0.00001225","0.00001177","206.58M","-1.23%"
"Aug 01, 2020","0.00001223","0.00001225","0.00001258","0.00001200","157.55M","-0.24%"
"Jul 31, 2020","0.00001226","0.00001266","0.00001268","0.00001223","116.05M","-3.16%"
"Jul 30, 2020","0.00001266","0.00001260","0.00001285","0.00001260","119.46M","1.20%"
"Jul 29, 2020","0.00001251","0.00001367","0.00001367","0.00001251","277.76M","-8.49%"
"Jul 28, 2020","0.00001367","0.00001248","0.00001370","0.00001245","377.79M","8.75%"
"Jul 27, 2020","0.00001257","0.00001494","0.00001494","0.00001257","565.86M","-15.86%"
"Jul 26, 2020","0.00001494","0.00001478","0.00001576","0.00001452","445.06M","1.01%"
"Jul 25, 2020","0.00001479","0.00001281","0.00001479","0.00001281","355.90M","15.55%"
"Jul 24, 2020","0.00001280","0.00001294","0.00001294","0.00001271","75.41M","-1.08%"
"Jul 23, 2020","0.00001294","0.00001302","0.00001320","0.00001292","88.30M","-0.61%"
"Jul 22, 2020","0.00001302","0.00001311","0.00001314","0.00001291","75.35M","-0.69%"
"Jul 21, 2020","0.00001311","0.00001281","0.00001330","0.00001281","102.60M","1.94%"
"Jul 20, 2020","0.00001286","0.00001347","0.00001347","0.00001286","85.28M","-4.53%"
"Jul 19, 2020","0.00001347","0.00001337","0.00001350","0.00001335","67.98M","0.67%"
"Jul 18, 2020","0.00001338","0.00001334","0.00001349","0.00001312","104.23M","0.15%"
"Jul 17, 2020","0.00001336","0.00001380","0.00001380","0.00001336","101.16M","-3.19%"
"Jul 16, 2020","0.00001380","0.00001421","0.00001435","0.00001349","235.28M","-2.89%"
"Jul 15, 2020","0.00001421","0.00001432","0.00001432","0.00001395","149.51M","-0.56%"
"Jul 14, 2020","0.00001429","0.00001345","0.00001429","0.00001342","222.19M","6.25%"
"Jul 13, 2020","0.00001345","0.00001364","0.00001434","0.00001345","305.17M","-1.54%"
"Jul 12, 2020","0.00001366","0.00001356","0.00001366","0.00001324","160.33M","0.74%"
"Jul 11, 2020","0.00001356","0.00001277","0.00001368","0.00001277","183.40M","6.35%"
"Jul 10, 2020","0.00001275","0.00001345","0.00001345","0.00001222","319.31M","-4.99%"
"Jul 09, 2020","0.00001342","0.00001374","0.00001374","0.00001292","367.27M","-2.54%"
"Jul 08, 2020","0.00001377","0.00001271","0.00001446","0.00001271","717.57M","8.34%"
"Jul 07, 2020","0.00001271","0.00001127","0.00001271","0.00001126","354.07M","13.08%"
"Jul 06, 2020","0.00001124","0.00001083","0.00001130","0.00001060","200.63M","3.88%"
"Jul 05, 2020","0.00001082","0.00001095","0.00001095","0.00001055","148.47M","-1.28%"
"Jul 04, 2020","0.00001096","0.00001066","0.00001112","0.00001060","179.89M","2.91%"
"Jul 03, 2020","0.00001065","0.00001022","0.00001119","0.00001017","273.09M","3.90%"
"Jul 02, 2020","0.00001025","0.00001045","0.00001045","0.00000982","293.57M","-2.29%"
"Jul 01, 2020","0.00001049","0.00000910","0.00001049","0.00000905","282.53M","15.40%"
"Jun 30, 2020","0.00000909","0.00000914","0.00000924","0.00000901","66.14M","-0.44%"
"Jun 29, 2020","0.00000913","0.00000880","0.00000916","0.00000880","120.32M","3.87%"
"Jun 28, 2020","0.00000879","0.00000858","0.00000888","0.00000850","67.03M","2.45%"
"Jun 27, 2020","0.00000858","0.00000878","0.00000884","0.00000843","84.32M","-2.50%"
"Jun 26, 2020","0.00000880","0.00000882","0.00000887","0.00000871","67.04M","-0.45%"
"Jun 25, 2020","0.00000884","0.00000888","0.00000900","0.00000873","88.91M","-0.34%"
"Jun 24, 2020","0.00000887","0.00000860","0.00000902","0.00000858","147.91M","3.14%"
"Jun 23, 2020","0.00000860","0.00000863","0.00000869","0.00000850","64.45M","-0.46%"
"Jun 22, 2020","0.00000864","0.00000843","0.00000867","0.00000843","92.08M","2.49%"
"Jun 21, 2020","0.00000843","0.00000850","0.00000861","0.00000839","45.37M","-0.82%"
"Jun 20, 2020","0.00000850","0.00000858","0.00000860","0.00000836","58.68M","-1.16%"
"Jun 19, 2020","0.00000860","0.00000872","0.00000873","0.00000849","95.02M","-1.38%"
"Jun 18, 2020","0.00000872","0.00000880","0.00000896","0.00000860","126.06M","-1.13%"
"Jun 17, 2020","0.00000882","0.00000833","0.00000884","0.00000819","171.57M","6.27%"
"Jun 16, 2020","0.00000830","0.00000831","0.00000833","0.00000816","95.98M","-0.12%"
"Jun 15, 2020","0.00000831","0.00000819","0.00000846","0.00000771","248.01M","1.59%"
"Jun 14, 2020","0.00000818","0.00000835","0.00000836","0.00000816","56.30M","-2.04%"
"Jun 13, 2020","0.00000835","0.00000840","0.00000840","0.00000822","68.26M","-0.60%"
"Jun 12, 2020","0.00000840","0.00000812","0.00000858","0.00000811","129.63M","3.70%"
"Jun 11, 2020","0.00000810","0.00000846","0.00000861","0.00000800","207.08M","-4.26%"
"Jun 10, 2020","0.00000846","0.00000849","0.00000849","0.00000816","236.24M","-0.35%"
"Jun 09, 2020","0.00000849","0.00000884","0.00000887","0.00000849","124.00M","-4.07%"
"Jun 08, 2020","0.00000885","0.00000887","0.00000891","0.00000875","76.69M","-0.23%"
"Jun 07, 2020","0.00000887","0.00000892","0.00000916","0.00000875","172.58M","-0.56%"
"Jun 06, 2020","0.00000892","0.00000887","0.00000908","0.00000883","102.55M","0.79%"
"Jun 05, 2020","0.00000885","0.00000907","0.00000909","0.00000866","167.50M","-2.43%"
"Jun 04, 2020","0.00000907","0.00000885","0.00000935","0.00000872","383.37M","2.49%"
"Jun 03, 2020","0.00000885","0.00000828","0.00000896","0.00000815","316.60M","6.88%"
"Jun 02, 2020","0.00000828","0.00000793","0.00000839","0.00000761","340.49M","4.15%"
"Jun 01, 2020","0.00000795","0.00000782","0.00000857","0.00000779","475.94M","1.27%"
"May 31, 2020","0.00000785","0.00000793","0.00000901","0.00000768","677.80M","-1.13%"
"May 30, 2020","0.00000794","0.00000687","0.00000814","0.00000681","466.05M","15.57%"
"May 29, 2020","0.00000687","0.00000680","0.00000698","0.00000667","247.42M","1.33%"
"May 28, 2020","0.00000678","0.00000598","0.00000703","0.00000595","341.96M","13.19%"
"May 27, 2020","0.00000599","0.00000606","0.00000623","0.00000598","118.94M","-1.16%"
"May 26, 2020","0.00000606","0.00000606","0.00000608","0.00000592","76.67M","0.00%"
"May 25, 2020","0.00000606","0.00000589","0.00000612","0.00000582","86.47M","2.71%"
"May 24, 2020","0.00000590","0.00000599","0.00000609","0.00000590","72.97M","-1.50%"
"May 23, 2020","0.00000599","0.00000608","0.00000610","0.00000591","62.29M","-1.64%"
"May 22, 2020","0.00000609","0.00000575","0.00000620","0.00000570","125.95M","5.91%"
"May 21, 2020","0.00000575","0.00000597","0.00000604","0.00000570","112.63M","-3.85%"
"May 20, 2020","0.00000598","0.00000581","0.00000599","0.00000572","108.33M","2.93%"
"May 19, 2020","0.00000581","0.00000559","0.00000588","0.00000550","103.66M","4.12%"
"May 18, 2020","0.00000558","0.00000530","0.00000565","0.00000523","131.98M","5.28%"
"May 17, 2020","0.00000530","0.00000544","0.00000546","0.00000524","43.37M","-2.57%"
"May 16, 2020","0.00000544","0.00000539","0.00000545","0.00000534","45.16M","0.74%"
"May 15, 2020","0.00000540","0.00000520","0.00000546","0.00000518","98.20M","3.45%"
"May 14, 2020","0.00000522","0.00000554","0.00000557","0.00000520","117.65M","-5.78%"
"May 13, 2020","0.00000554","0.00000572","0.00000574","0.00000551","99.13M","-3.15%"
"May 12, 2020","0.00000572","0.00000558","0.00000585","0.00000558","125.41M","2.51%"
"May 11, 2020","0.00000558","0.00000544","0.00000561","0.00000532","118.80M","2.39%"
"May 10, 2020","0.00000545","0.00000540","0.00000553","0.00000514","179.57M","0.93%"
"May 09, 2020","0.00000540","0.00000531","0.00000545","0.00000527","91.36M","1.69%"
"May 08, 2020","0.00000531","0.00000512","0.00000536","0.00000510","112.62M","3.51%"
"May 07, 2020","0.00000513","0.00000535","0.00000541","0.00000506","128.59M","-3.93%"
"May 06, 2020","0.00000534","0.00000549","0.00000553","0.00000534","74.49M","-2.55%"
"May 05, 2020","0.00000548","0.00000557","0.00000567","0.00000548","70.98M","-1.79%"
"May 04, 2020","0.00000558","0.00000549","0.00000567","0.00000535","129.03M","1.27%"
"May 03, 2020","0.00000551","0.00000568","0.00000571","0.00000545","66.39M","-2.82%"
"May 02, 2020","0.00000567","0.00000578","0.00000579","0.00000562","70.95M","-1.73%"
"May 01, 2020","0.00000577","0.00000551","0.00000587","0.00000550","113.36M","4.72%"
"Apr 30, 2020","0.00000551","0.00000586","0.00000603","0.00000541","195.54M","-6.13%"
"Apr 29, 2020","0.00000587","0.00000605","0.00000618","0.00000579","131.30M","-2.98%"
"Apr 28, 2020","0.00000605","0.00000598","0.00000622","0.00000595","94.83M","1.17%"
"Apr 27, 2020","0.00000598","0.00000596","0.00000615","0.00000579","134.88M","0.00%"
"Apr 26, 2020","0.00000598","0.00000561","0.00000605","0.00000555","132.32M","6.60%"
"Apr 25, 2020","0.00000561","0.00000555","0.00000577","0.00000550","63.04M","0.90%"
"Apr 24, 2020","0.00000556","0.00000546","0.00000585","0.00000546","209.97M","1.65%"
"Apr 23, 2020","0.00000547","0.00000514","0.00000564","0.00000513","185.23M","6.21%"
"Apr 22, 2020","0.00000515","0.00000505","0.00000516","0.00000502","45.88M","1.98%"
"Apr 21, 2020","0.00000505","0.00000496","0.00000508","0.00000496","49.00M","1.61%"
"Apr 20, 2020","0.00000497","0.00000499","0.00000513","0.00000496","76.51M","-0.40%"
"Apr 19, 2020","0.00000499","0.00000505","0.00000508","0.00000497","56.16M","-1.19%"
"Apr 18, 2020","0.00000505","0.00000490","0.00000508","0.00000488","57.59M","3.27%"
"Apr 17, 2020","0.00000489","0.00000485","0.00000490","0.00000484","34.03M","0.82%"
"Apr 16, 2020","0.00000485","0.00000482","0.00000487","0.00000476","80.60M","0.83%"
"Apr 15, 2020","0.00000481","0.00000483","0.00000490","0.00000479","39.15M","-0.21%"
"Apr 14, 2020","0.00000482","0.00000484","0.00000487","0.00000480","36.34M","-0.41%"
"Apr 13, 2020","0.00000484","0.00000487","0.00000490","0.00000478","46.42M","-0.21%"
"Apr 12, 2020","0.00000485","0.00000486","0.00000491","0.00000483","37.69M","-0.21%"
"Apr 11, 2020","0.00000486","0.00000484","0.00000496","0.00000482","46.17M","0.41%"
"Apr 10, 2020","0.00000484","0.00000495","0.00000497","0.00000476","79.74M","-2.42%"
"Apr 09, 2020","0.00000496","0.00000495","0.00000500","0.00000489","58.80M","0.20%"
"Apr 08, 2020","0.00000495","0.00000491","0.00000501","0.00000491","77.93M","1.23%"
"Apr 07, 2020","0.00000489","0.00000490","0.00000497","0.00000485","114.49M","-0.41%"
"Apr 06, 2020","0.00000491","0.00000471","0.00000493","0.00000468","142.56M","4.25%"
"Apr 05, 2020","0.00000471","0.00000472","0.00000476","0.00000468","34.29M","-0.42%"
"Apr 04, 2020","0.00000473","0.00000479","0.00000482","0.00000469","54.04M","-1.46%"
"Apr 03, 2020","0.00000480","0.00000469","0.00000482","0.00000465","57.47M","2.35%"
"Apr 02, 2020","0.00000469","0.00000466","0.00000476","0.00000462","74.58M","0.43%"
"Apr 01, 2020","0.00000467","0.00000475","0.00000486","0.00000463","95.53M","-1.68%"
"Mar 31, 2020","0.00000475","0.00000464","0.00000476","0.00000461","48.17M","2.37%"
"Mar 30, 2020","0.00000464","0.00000478","0.00000479","0.00000457","58.71M","-2.93%"
"Mar 29, 2020","0.00000478","0.00000478","0.00000481","0.00000472","55.08M","0.00%"
"Mar 28, 2020","0.00000478","0.00000453","0.00000480","0.00000449","70.75M","5.52%"
"Mar 27, 2020","0.00000453","0.00000458","0.00000461","0.00000450","65.50M","-1.09%"
"Mar 26, 2020","0.00000458","0.00000439","0.00000458","0.00000438","56.61M","3.85%"
"Mar 25, 2020","0.00000441","0.00000449","0.00000455","0.00000437","62.41M","-1.78%"
"Mar 24, 2020","0.00000449","0.00000451","0.00000452","0.00000441","73.07M","-0.44%"
"Mar 23, 2020","0.00000451","0.00000465","0.00000467","0.00000449","85.64M","-2.80%"
"Mar 22, 2020","0.00000464","0.00000477","0.00000479","0.00000455","73.46M","-2.52%"
"Mar 21, 2020","0.00000476","0.00000474","0.00000485","0.00000468","74.09M","0.42%"
"Mar 20, 2020","0.00000474","0.00000492","0.00000501","0.00000464","183.89M","-3.66%"
"Mar 19, 2020","0.00000492","0.00000484","0.00000508","0.00000483","150.12M","1.86%"
"Mar 18, 2020","0.00000483","0.00000483","0.00000491","0.00000477","73.89M","0.00%"
"Mar 17, 2020","0.00000483","0.00000481","0.00000492","0.00000479","83.30M","0.21%"
"Mar 16, 2020","0.00000482","0.00000502","0.00000507","0.00000475","177.06M","-3.98%"
"Mar 15, 2020","0.00000502","0.00000498","0.00000507","0.00000488","94.74M","0.80%"
"Mar 14, 2020","0.00000498","0.00000510","0.00000519","0.00000494","111.18M","-2.16%"
"Mar 13, 2020","0.00000509","0.00000484","0.00000512","0.00000451","429.20M","5.82%"
"Mar 12, 2020","0.00000481","0.00000500","0.00000500","0.00000455","430.36M","-3.80%"
"Mar 11, 2020","0.00000500","0.00000526","0.00000527","0.00000491","114.25M","-4.94%"
"Mar 10, 2020","0.00000526","0.00000524","0.00000530","0.00000517","90.28M","0.38%"
"Mar 09, 2020","0.00000524","0.00000535","0.00000541","0.00000509","166.17M","-1.87%"
"Mar 08, 2020","0.00000534","0.00000549","0.00000549","0.00000524","120.45M","-2.55%"
"Mar 07, 2020","0.00000548","0.00000568","0.00000568","0.00000544","58.75M","-3.18%"
"Mar 06, 2020","0.00000566","0.00000563","0.00000570","0.00000554","53.10M","0.71%"
"Mar 05, 2020","0.00000562","0.00000560","0.00000574","0.00000555","85.25M","0.36%"
"Mar 04, 2020","0.00000560","0.00000555","0.00000571","0.00000552","85.13M","0.90%"
"Mar 03, 2020","0.00000555","0.00000553","0.00000560","0.00000544","66.90M","0.36%"
"Mar 02, 2020","0.00000553","0.00000535","0.00000561","0.00000534","84.06M","3.17%"
"Mar 01, 2020","0.00000536","0.00000553","0.00000558","0.00000530","90.99M","-2.90%"
"Feb 29, 2020","0.00000552","0.00000563","0.00000569","0.00000551","114.58M","-1.95%"
"Feb 28, 2020","0.00000563","0.00000565","0.00000576","0.00000548","117.32M","-0.35%"
"Feb 27, 2020","0.00000565","0.00000559","0.00000582","0.00000541","149.08M","1.07%"
"Feb 26, 2020","0.00000559","0.00000601","0.00000605","0.00000532","298.76M","-7.30%"
"Feb 25, 2020","0.00000603","0.00000611","0.00000612","0.00000593","108.74M","-1.31%"
"Feb 24, 2020","0.00000611","0.00000619","0.00000620","0.00000603","80.17M","-1.29%"
"Feb 23, 2020","0.00000619","0.00000603","0.00000623","0.00000601","71.81M","2.65%"
"Feb 22, 2020","0.00000603","0.00000605","0.00000609","0.00000594","53.03M","-0.33%"
"Feb 21, 2020","0.00000605","0.00000606","0.00000617","0.00000599","88.10M","-0.33%"
"Feb 20, 2020","0.00000607","0.00000596","0.00000611","0.00000586","158.97M","1.51%"
"Feb 19, 2020","0.00000598","0.00000617","0.00000620","0.00000590","102.57M","-3.08%"
"Feb 18, 2020","0.00000617","0.00000621","0.00000639","0.00000602","170.55M","-0.64%"
"Feb 17, 2020","0.00000621","0.00000619","0.00000629","0.00000583","215.48M","0.00%"
"Feb 16, 2020","0.00000621","0.00000648","0.00000670","0.00000586","265.24M","-4.17%"
"Feb 15, 2020","0.00000648","0.00000684","0.00000690","0.00000634","212.70M","-5.26%"
"Feb 14, 2020","0.00000684","0.00000671","0.00000688","0.00000663","143.90M","1.94%"
"Feb 13, 2020","0.00000671","0.00000661","0.00000693","0.00000643","293.80M","1.67%"
"Feb 12, 2020","0.00000660","0.00000620","0.00000679","0.00000619","287.80M","6.28%"
"Feb 11, 2020","0.00000621","0.00000612","0.00000622","0.00000598","130.96M","1.47%"
"Feb 10, 2020","0.00000612","0.00000608","0.00000613","0.00000596","114.90M","0.49%"
"Feb 09, 2020","0.00000609","0.00000606","0.00000616","0.00000600","89.73M","0.33%"
"Feb 08, 2020","0.00000607","0.00000610","0.00000625","0.00000590","128.26M","-0.49%"
"Feb 07, 2020","0.00000610","0.00000614","0.00000637","0.00000609","146.83M","-0.65%"
"Feb 06, 2020","0.00000614","0.00000617","0.00000630","0.00000599","162.78M","-0.49%"
"Feb 05, 2020","0.00000617","0.00000609","0.00000634","0.00000605","188.91M","1.31%"
"Feb 04, 2020","0.00000609","0.00000613","0.00000619","0.00000588","163.34M","-0.65%"
"Feb 03, 2020","0.00000613","0.00000598","0.00000621","0.00000594","127.63M","2.68%"
"Feb 02, 2020","0.00000597","0.00000598","0.00000629","0.00000589","254.23M","0.00%"
"Feb 01, 2020","0.00000597","0.00000577","0.00000610","0.00000570","160.80M","3.47%"
"Jan 31, 2020","0.00000577","0.00000591","0.00000596","0.00000564","149.26M","-2.20%"
"Jan 30, 2020","0.00000590","0.00000573","0.00000598","0.00000567","218.50M","2.61%"
"Jan 29, 2020","0.00000575","0.00000564","0.00000614","0.00000563","310.24M","1.95%"
"Jan 28, 2020","0.00000564","0.00000538","0.00000602","0.00000525","466.37M","5.03%"
"Jan 27, 2020","0.00000537","0.00000520","0.00000547","0.00000512","174.02M","3.47%"
"Jan 26, 2020","0.00000519","0.00000517","0.00000520","0.00000513","73.20M","0.19%"
"Jan 25, 2020","0.00000518","0.00000533","0.00000536","0.00000516","60.35M","-2.63%"
"Jan 24, 2020","0.00000532","0.00000514","0.00000534","0.00000501","108.89M","3.30%"
"Jan 23, 2020","0.00000515","0.00000526","0.00000530","0.00000505","111.71M","-2.28%"
"Jan 22, 2020","0.00000527","0.00000528","0.00000534","0.00000519","85.15M","0.00%"
"Jan 21, 2020","0.00000527","0.00000507","0.00000540","0.00000504","203.78M","3.94%"
"Jan 20, 2020","0.00000507","0.00000483","0.00000510","0.00000482","91.79M","4.97%"
"Jan 19, 2020","0.00000483","0.00000503","0.00000505","0.00000479","121.84M","-4.17%"
"Jan 18, 2020","0.00000504","0.00000503","0.00000511","0.00000489","131.49M","0.00%"
"Jan 17, 2020","0.00000504","0.00000478","0.00000513","0.00000474","186.35M","5.66%"
"Jan 16, 2020","0.00000477","0.00000486","0.00000489","0.00000466","93.32M","-1.65%"
"Jan 15, 2020","0.00000485","0.00000471","0.00000489","0.00000467","222.44M","2.75%"
"Jan 14, 2020","0.00000472","0.00000455","0.00000483","0.00000440","239.09M","3.74%"
"Jan 13, 2020","0.00000455","0.00000463","0.00000463","0.00000453","33.78M","-1.52%"
"Jan 12, 2020","0.00000462","0.00000459","0.00000462","0.00000453","41.95M","0.65%"
"Jan 11, 2020","0.00000459","0.00000451","0.00000462","0.00000450","44.46M","2.00%"
"Jan 10, 2020","0.00000450","0.00000462","0.00000463","0.00000448","88.05M","-2.60%"
"Jan 09, 2020","0.00000462","0.00000450","0.00000463","0.00000450","45.44M","2.44%"
"Jan 08, 2020","0.00000451","0.00000454","0.00000463","0.00000440","99.41M","-0.66%"
"Jan 07, 2020","0.00000454","0.00000482","0.00000485","0.00000452","93.24M","-5.42%"
"Jan 06, 2020","0.00000480","0.00000471","0.00000487","0.00000465","72.81M","1.91%"
"Jan 05, 2020","0.00000471","0.00000467","0.00000472","0.00000463","30.04M","0.64%"
"Jan 04, 2020","0.00000468","0.00000466","0.00000469","0.00000461","25.96M","0.43%"
"Jan 03, 2020","0.00000466","0.00000469","0.00000475","0.00000462","43.63M","-0.64%"
"Jan 02, 2020","0.00000469","0.00000464","0.00000471","0.00000462","25.28M","0.86%"
"Jan 01, 2020","0.00000465","0.00000455","0.00000468","0.00000455","22.77M","1.75%"
"Dec 31, 2019","0.00000457","0.00000462","0.00000463","0.00000456","25.11M","-0.87%"
"Dec 30, 2019","0.00000461","0.00000463","0.00000467","0.00000456","32.38M","-0.22%"
"Dec 29, 2019","0.00000462","0.00000461","0.00000464","0.00000456","28.20M","0.43%"
"Dec 28, 2019","0.00000460","0.00000454","0.00000466","0.00000453","38.87M","1.32%"
"Dec 27, 2019","0.00000454","0.00000473","0.00000475","0.00000444","131.17M","-4.22%"
"Dec 26, 2019","0.00000474","0.00000464","0.00000476","0.00000462","49.31M","2.16%"
"Dec 25, 2019","0.00000464","0.00000467","0.00000470","0.00000459","28.44M","-0.64%"
"Dec 24, 2019","0.00000467","0.00000451","0.00000473","0.00000449","61.17M","3.55%"
"Dec 23, 2019","0.00000451","0.00000457","0.00000457","0.00000448","57.10M","-1.74%"
"Dec 22, 2019","0.00000459","0.00000463","0.00000470","0.00000458","44.56M","-0.86%"
"Dec 21, 2019","0.00000463","0.00000471","0.00000474","0.00000460","32.22M","-1.70%"
"Dec 20, 2019","0.00000471","0.00000463","0.00000472","0.00000458","63.32M","1.95%"
"Dec 19, 2019","0.00000462","0.00000472","0.00000477","0.00000459","76.28M","-2.12%"
"Dec 18, 2019","0.00000472","0.00000478","0.00000484","0.00000466","82.61M","-1.46%"
"Dec 17, 2019","0.00000479","0.00000493","0.00000496","0.00000473","82.79M","-3.04%"
"Dec 16, 2019","0.00000494","0.00000513","0.00000513","0.00000481","86.99M","-3.52%"
"Dec 15, 2019","0.00000512","0.00000512","0.00000515","0.00000507","33.47M","-0.19%"
"Dec 14, 2019","0.00000513","0.00000513","0.00000515","0.00000506","44.98M","0.00%"
"Dec 13, 2019","0.00000513","0.00000507","0.00000515","0.00000505","53.50M","1.18%"
"Dec 12, 2019","0.00000507","0.00000507","0.00000510","0.00000503","38.31M","-0.20%"
"Dec 11, 2019","0.00000508","0.00000503","0.00000513","0.00000502","42.72M","0.99%"
"Dec 10, 2019","0.00000503","0.00000506","0.00000509","0.00000499","61.38M","-0.59%"
"Dec 09, 2019","0.00000506","0.00000515","0.00000516","0.00000504","52.86M","-1.94%"
"Dec 08, 2019","0.00000516","0.00000513","0.00000517","0.00000511","41.72M","0.39%"
"Dec 07, 2019","0.00000514","0.00000508","0.00000521","0.00000507","40.85M","1.18%"
"Dec 06, 2019","0.00000508","0.00000508","0.00000512","0.00000503","32.21M","0.00%"
"Dec 05, 2019","0.00000508","0.00000515","0.00000517","0.00000499","60.55M","-1.55%"
"Dec 04, 2019","0.00000516","0.00000518","0.00000520","0.00000496","106.96M","-0.39%"
"Dec 03, 2019","0.00000518","0.00000520","0.00000525","0.00000515","46.19M","-0.38%"
"Dec 02, 2019","0.00000520","0.00000535","0.00000535","0.00000516","81.02M","-2.80%"
"Dec 01, 2019","0.00000535","0.00000534","0.00000545","0.00000524","84.61M","0.00%"
"Nov 30, 2019","0.00000535","0.00000532","0.00000544","0.00000525","97.53M","0.38%"
"Nov 29, 2019","0.00000533","0.00000527","0.00000561","0.00000527","248.90M","1.33%"
"Nov 28, 2019","0.00000526","0.00000519","0.00000528","0.00000510","102.32M","1.35%"
"Nov 27, 2019","0.00000519","0.00000513","0.00000535","0.00000510","143.06M","1.17%"
"Nov 26, 2019","0.00000513","0.00000504","0.00000514","0.00000501","79.65M","1.79%"
"Nov 25, 2019","0.00000504","0.00000505","0.00000520","0.00000499","134.37M","-0.59%"
"Nov 24, 2019","0.00000507","0.00000520","0.00000528","0.00000504","89.63M","-2.31%"
"Nov 23, 2019","0.00000519","0.00000509","0.00000526","0.00000509","92.88M","1.96%"
"Nov 22, 2019","0.00000509","0.00000503","0.00000523","0.00000494","168.19M","1.19%"
"Nov 21, 2019","0.00000503","0.00000506","0.00000511","0.00000490","110.22M","-0.40%"
"Nov 20, 2019","0.00000505","0.00000518","0.00000521","0.00000499","90.74M","-2.51%"
"Nov 19, 2019","0.00000518","0.00000527","0.00000530","0.00000511","127.74M","-1.71%"
"Nov 18, 2019","0.00000527","0.00000529","0.00000545","0.00000523","199.01M","-0.38%"
"Nov 17, 2019","0.00000529","0.00000516","0.00000536","0.00000512","134.73M","2.32%"
"Nov 16, 2019","0.00000517","0.00000517","0.00000525","0.00000509","80.19M","-0.39%"
"Nov 15, 2019","0.00000519","0.00000494","0.00000524","0.00000491","129.67M","5.06%"
"Nov 14, 2019","0.00000494","0.00000493","0.00000496","0.00000487","49.21M","0.00%"
"Nov 13, 2019","0.00000494","0.00000496","0.00000501","0.00000492","49.58M","-0.40%"
"Nov 12, 2019","0.00000496","0.00000494","0.00000507","0.00000493","104.60M","0.40%"
"Nov 11, 2019","0.00000494","0.00000485","0.00000499","0.00000481","77.30M","1.86%"
"Nov 10, 2019","0.00000485","0.00000481","0.00000490","0.00000477","71.16M","0.62%"
"Nov 09, 2019","0.00000482","0.00000481","0.00000484","0.00000477","43.29M","0.21%"
"Nov 08, 2019","0.00000481","0.00000471","0.00000482","0.00000466","61.26M","1.91%"
"Nov 07, 2019","0.00000472","0.00000479","0.00000481","0.00000463","73.46M","-1.67%"
"Nov 06, 2019","0.00000480","0.00000475","0.00000490","0.00000469","85.02M","1.27%"
"Nov 05, 2019","0.00000474","0.00000460","0.00000477","0.00000458","108.22M","3.04%"
"Nov 04, 2019","0.00000460","0.00000453","0.00000464","0.00000452","66.37M","1.55%"
"Nov 03, 2019","0.00000453","0.00000456","0.00000457","0.00000452","33.43M","-0.66%"
"Nov 02, 2019","0.00000456","0.00000456","0.00000459","0.00000450","38.32M","-0.22%"
"Nov 01, 2019","0.00000457","0.00000452","0.00000468","0.00000450","67.66M","1.11%"
"Oct 31, 2019","0.00000452","0.00000456","0.00000460","0.00000443","75.30M","-0.88%"
"Oct 30, 2019","0.00000456","0.00000462","0.00000475","0.00000452","103.03M","-1.08%"
"Oct 29, 2019","0.00000461","0.00000458","0.00000465","0.00000450","96.64M","0.88%"
"Oct 28, 2019","0.00000457","0.00000443","0.00000464","0.00000443","152.99M","2.93%"
"Oct 27, 2019","0.00000444","0.00000438","0.00000451","0.00000424","178.59M","1.37%"
"Oct 26, 2019","0.00000438","0.00000475","0.00000476","0.00000411","257.47M","-7.98%"
"Oct 25, 2019","0.00000476","0.00000503","0.00000508","0.00000474","143.97M","-5.37%"
"Oct 24, 2019","0.00000503","0.00000487","0.00000508","0.00000484","126.01M","3.29%"
"Oct 23, 2019","0.00000487","0.00000480","0.00000488","0.00000474","88.05M","1.46%"
"Oct 22, 2019","0.00000480","0.00000477","0.00000489","0.00000476","83.67M","0.63%"
"Oct 21, 2019","0.00000477","0.00000480","0.00000480","0.00000467","77.72M","-0.63%"
"Oct 20, 2019","0.00000480","0.00000491","0.00000491","0.00000476","57.29M","-2.04%"
"Oct 19, 2019","0.00000490","0.00000478","0.00000494","0.00000476","83.61M","2.51%"
"Oct 18, 2019","0.00000478","0.00000487","0.00000489","0.00000472","73.20M","-2.05%"
"Oct 17, 2019","0.00000488","0.00000481","0.00000488","0.00000477","54.15M","1.46%"
"Oct 16, 2019","0.00000481","0.00000484","0.00000487","0.00000472","86.61M","-0.82%"
"Oct 15, 2019","0.00000485","0.00000500","0.00000501","0.00000477","105.66M","-3.00%"
"Oct 14, 2019","0.00000500","0.00000500","0.00000506","0.00000494","97.81M","0.00%"
"Oct 13, 2019","0.00000500","0.00000486","0.00000500","0.00000485","60.66M","2.88%"
"Oct 12, 2019","0.00000486","0.00000485","0.00000490","0.00000483","51.59M","0.21%"
"Oct 11, 2019","0.00000485","0.00000486","0.00000495","0.00000480","77.79M","-0.21%"
"Oct 10, 2019","0.00000486","0.00000496","0.00000496","0.00000477","115.45M","-1.82%"
"Oct 09, 2019","0.00000495","0.00000505","0.00000528","0.00000487","178.66M","-1.98%"
"Oct 08, 2019","0.00000505","0.00000505","0.00000508","0.00000494","110.30M","0.00%"
"Oct 07, 2019","0.00000505","0.00000493","0.00000511","0.00000488","152.74M","2.43%"
"Oct 06, 2019","0.00000493","0.00000487","0.00000497","0.00000485","81.91M","1.23%"
"Oct 05, 2019","0.00000487","0.00000484","0.00000492","0.00000481","72.09M","0.83%"
"Oct 04, 2019","0.00000483","0.00000464","0.00000492","0.00000464","131.73M","3.87%"
"Oct 03, 2019","0.00000465","0.00000470","0.00000476","0.00000462","76.79M","-1.06%"
"Oct 02, 2019","0.00000470","0.00000460","0.00000478","0.00000460","77.46M","1.95%"
"Oct 01, 2019","0.00000461","0.00000470","0.00000475","0.00000459","67.67M","-1.71%"
"Sep 30, 2019","0.00000469","0.00000461","0.00000483","0.00000459","121.41M","1.52%"
"Sep 29, 2019","0.00000462","0.00000470","0.00000472","0.00000454","86.47M","-1.91%"
"Sep 28, 2019","0.00000471","0.00000479","0.00000484","0.00000467","70.71M","-1.46%"
"Sep 27, 2019","0.00000478","0.00000474","0.00000485","0.00000463","124.72M","1.06%"
"Sep 26, 2019","0.00000473","0.00000464","0.00000476","0.00000450","156.73M","1.94%"
"Sep 25, 2019","0.00000464","0.00000438","0.00000468","0.00000436","142.57M","5.94%"
"Sep 24, 2019","0.00000438","0.00000478","0.00000480","0.00000437","247.94M","-7.79%"
"Sep 23, 2019","0.00000475","0.00000488","0.00000504","0.00000474","109.35M","-2.46%"
"Sep 22, 2019","0.00000487","0.00000518","0.00000519","0.00000476","148.34M","-5.98%"
"Sep 21, 2019","0.00000518","0.00000517","0.00000531","0.00000513","83.67M","0.39%"
"Sep 20, 2019","0.00000516","0.00000511","0.00000517","0.00000491","112.05M","0.98%"
"Sep 19, 2019","0.00000511","0.00000523","0.00000544","0.00000503","215.84M","-2.29%"
"Sep 18, 2019","0.00000523","0.00000479","0.00000547","0.00000478","273.57M","8.96%"
"Sep 17, 2019","0.00000480","0.00000459","0.00000495","0.00000459","148.60M","4.80%"
"Sep 16, 2019","0.00000458","0.00000453","0.00000462","0.00000450","53.99M","1.33%"
"Sep 15, 2019","0.00000452","0.00000450","0.00000456","0.00000447","37.64M","0.67%"
"Sep 14, 2019","0.00000449","0.00000442","0.00000455","0.00000434","81.62M","1.58%"
"Sep 13, 2019","0.00000442","0.00000436","0.00000448","0.00000432","53.08M","1.38%"
"Sep 12, 2019","0.00000436","0.00000442","0.00000449","0.00000430","62.46M","-1.13%"
"Sep 11, 2019","0.00000441","0.00000459","0.00000461","0.00000440","68.97M","-3.92%"
"Sep 10, 2019","0.00000459","0.00000453","0.00000469","0.00000452","78.82M","1.10%"
"Sep 09, 2019","0.00000454","0.00000448","0.00000456","0.00000442","65.90M","1.34%"
"Sep 08, 2019","0.00000448","0.00000440","0.00000458","0.00000439","58.82M","1.82%"
"Sep 07, 2019","0.00000440","0.00000429","0.00000444","0.00000422","64.20M","2.33%"
"Sep 06, 2019","0.00000430","0.00000420","0.00000432","0.00000403","95.43M","2.38%"
"Sep 05, 2019","0.00000420","0.00000430","0.00000431","0.00000415","52.41M","-2.33%"
"Sep 04, 2019","0.00000430","0.00000439","0.00000442","0.00000421","58.99M","-2.27%"
"Sep 03, 2019","0.00000440","0.00000437","0.00000444","0.00000422","119.43M","0.69%"
"Sep 02, 2019","0.00000437","0.00000455","0.00000456","0.00000436","67.97M","-4.17%"
"Sep 01, 2019","0.00000456","0.00000466","0.00000471","0.00000454","32.96M","-2.36%"
"Aug 31, 2019","0.00000467","0.00000466","0.00000474","0.00000461","38.08M","0.21%"
"Aug 30, 2019","0.00000466","0.00000469","0.00000478","0.00000461","52.87M","-0.64%"
"Aug 29, 2019","0.00000469","0.00000471","0.00000474","0.00000457","88.35M","-0.64%"
"Aug 28, 2019","0.00000472","0.00000491","0.00000497","0.00000460","127.08M","-3.67%"
"Aug 27, 2019","0.00000490","0.00000479","0.00000492","0.00000477","64.91M","2.51%"
"Aug 26, 2019","0.00000478","0.00000487","0.00000492","0.00000470","126.82M","-2.25%"
"Aug 25, 2019","0.00000489","0.00000495","0.00000521","0.00000486","174.79M","-1.21%"
"Aug 24, 2019","0.00000495","0.00000478","0.00000511","0.00000475","122.21M","3.34%"
"Aug 23, 2019","0.00000479","0.00000487","0.00000497","0.00000472","107.11M","-1.64%"
"Aug 22, 2019","0.00000487","0.00000466","0.00000508","0.00000466","181.16M","4.51%"
"Aug 21, 2019","0.00000466","0.00000456","0.00000470","0.00000451","81.43M","1.97%"
"Aug 20, 2019","0.00000457","0.00000457","0.00000472","0.00000454","82.12M","-0.22%"
"Aug 19, 2019","0.00000458","0.00000491","0.00000492","0.00000458","86.00M","-6.53%"
"Aug 18, 2019","0.00000490","0.00000464","0.00000494","0.00000461","103.14M","5.60%"
"Aug 17, 2019","0.00000464","0.00000452","0.00000469","0.00000449","74.31M","2.65%"
"Aug 16, 2019","0.00000452","0.00000459","0.00000470","0.00000441","122.25M","-1.74%"
"Aug 15, 2019","0.00000460","0.00000469","0.00000476","0.00000456","79.28M","-2.13%"
"Aug 14, 2019","0.00000470","0.00000486","0.00000507","0.00000461","188.50M","-2.69%"
"Aug 13, 2019","0.00000483","0.00000465","0.00000488","0.00000445","132.45M","3.87%"
"Aug 12, 2019","0.00000465","0.00000474","0.00000480","0.00000462","69.75M","-2.11%"
"Aug 11, 2019","0.00000475","0.00000459","0.00000493","0.00000454","159.12M","3.49%"
"Aug 10, 2019","0.00000459","0.00000402","0.00000470","0.00000400","175.28M","14.18%"
"Aug 09, 2019","0.00000402","0.00000434","0.00000437","0.00000396","121.75M","-7.37%"
"Aug 08, 2019","0.00000434","0.00000434","0.00000457","0.00000423","130.68M","0.00%"
"Aug 07, 2019","0.00000434","0.00000465","0.00000467","0.00000429","132.90M","-6.67%"
"Aug 06, 2019","0.00000465","0.00000478","0.00000482","0.00000452","137.39M","-2.92%"
"Aug 05, 2019","0.00000479","0.00000513","0.00000513","0.00000476","162.65M","-6.63%"
"Aug 04, 2019","0.00000513","0.00000535","0.00000546","0.00000510","116.96M","-3.93%"
"Aug 03, 2019","0.00000534","0.00000545","0.00000546","0.00000528","62.55M","-2.02%"
"Aug 02, 2019","0.00000545","0.00000564","0.00000564","0.00000537","99.61M","-3.54%"
"Aug 01, 2019","0.00000565","0.00000596","0.00000596","0.00000558","91.29M","-5.20%"
"Jul 31, 2019","0.00000596","0.00000624","0.00000628","0.00000590","125.83M","-4.49%"
"Jul 30, 2019","0.00000624","0.00000635","0.00000641","0.00000622","75.32M","-1.58%"
"Jul 29, 2019","0.00000634","0.00000623","0.00000649","0.00000613","120.17M","2.09%"
"Jul 28, 2019","0.00000621","0.00000632","0.00000637","0.00000613","88.28M","-1.74%"
"Jul 27, 2019","0.00000632","0.00000636","0.00000638","0.00000610","132.24M","-0.94%"
"Jul 26, 2019","0.00000638","0.00000592","0.00000638","0.00000586","148.20M","7.77%"
"Jul 25, 2019","0.00000592","0.00000602","0.00000605","0.00000583","93.85M","-1.82%"
"Jul 24, 2019","0.00000603","0.00000564","0.00000603","0.00000558","112.14M","6.73%"
"Jul 23, 2019","0.00000565","0.00000575","0.00000579","0.00000556","89.08M","-1.74%"
"Jul 22, 2019","0.00000575","0.00000577","0.00000586","0.00000570","81.97M","-0.52%"
"Jul 21, 2019","0.00000578","0.00000584","0.00000594","0.00000573","69.72M","-0.86%"
"Jul 20, 2019","0.00000583","0.00000567","0.00000608","0.00000567","137.73M","2.82%"
"Jul 19, 2019","0.00000567","0.00000549","0.00000575","0.00000544","100.78M","3.28%"
"Jul 18, 2019","0.00000549","0.00000569","0.00000585","0.00000548","154.57M","-3.51%"
"Jul 17, 2019","0.00000569","0.00000549","0.00000594","0.00000537","193.27M","3.45%"
"Jul 16, 2019","0.00000550","0.00000544","0.00000560","0.00000525","162.83M","1.10%"
"Jul 15, 2019","0.00000544","0.00000581","0.00000581","0.00000540","157.20M","-6.21%"
"Jul 14, 2019","0.00000580","0.00000586","0.00000592","0.00000574","112.07M","-1.02%"
"Jul 13, 2019","0.00000586","0.00000590","0.00000614","0.00000581","113.23M","-0.68%"
"Jul 12, 2019","0.00000590","0.00000575","0.00000612","0.00000567","145.72M","2.61%"
"Jul 11, 2019","0.00000575","0.00000593","0.00000600","0.00000552","201.22M","-2.87%"
"Jul 10, 2019","0.00000592","0.00000621","0.00000621","0.00000564","227.00M","-4.67%"
"Jul 09, 2019","0.00000621","0.00000653","0.00000655","0.00000614","145.06M","-5.05%"
"Jul 08, 2019","0.00000654","0.00000698","0.00000717","0.00000645","165.29M","-6.30%"
"Jul 07, 2019","0.00000698","0.00000692","0.00000700","0.00000685","84.79M","1.31%"
"Jul 06, 2019","0.00000689","0.00000695","0.00000705","0.00000668","125.59M","-1.15%"
"Jul 05, 2019","0.00000697","0.00000696","0.00000708","0.00000681","130.79M","0.43%"
"Jul 04, 2019","0.00000694","0.00000688","0.00000700","0.00000664","171.01M","0.87%"
"Jul 03, 2019","0.00000688","0.00000742","0.00000742","0.00000681","193.00M","-7.40%"
"Jul 02, 2019","0.00000743","0.00000787","0.00000812","0.00000729","263.10M","-5.59%"
"Jul 01, 2019","0.00000787","0.00000758","0.00000807","0.00000752","238.09M","3.69%"
"Jun 30, 2019","0.00000759","0.00000755","0.00000763","0.00000731","168.43M","0.13%"
"Jun 29, 2019","0.00000758","0.00000715","0.00000760","0.00000709","207.76M","6.16%"
"Jun 28, 2019","0.00000714","0.00000764","0.00000777","0.00000703","317.48M","-6.67%"
"Jun 27, 2019","0.00000765","0.00000750","0.00000804","0.00000734","364.03M","2.82%"
"Jun 26, 2019","0.00000744","0.00000817","0.00000839","0.00000727","603.54M","-8.94%"
"Jun 25, 2019","0.00000817","0.00000884","0.00000887","0.00000810","230.94M","-8.20%"
"Jun 24, 2019","0.00000890","0.00000891","0.00000912","0.00000865","192.55M","0.11%"
"Jun 23, 2019","0.00000889","0.00000882","0.00000952","0.00000863","398.95M","0.68%"
"Jun 22, 2019","0.00000883","0.00000876","0.00000909","0.00000806","414.55M","0.68%"
"Jun 21, 2019","0.00000877","0.00000917","0.00000936","0.00000877","184.27M","-4.36%"
"Jun 20, 2019","0.00000917","0.00000968","0.00000972","0.00000889","236.55M","-5.27%"
"Jun 19, 2019","0.00000968","0.00000981","0.00000999","0.00000964","107.22M","-1.33%"
"Jun 18, 2019","0.00000981","0.00001002","0.00001003","0.00000975","125.13M","-2.10%"
"Jun 17, 2019","0.00001002","0.00001026","0.00001026","0.00000990","154.60M","-2.34%"
"Jun 16, 2019","0.00001026","0.00001036","0.00001040","0.00000981","196.09M","-0.97%"
"Jun 15, 2019","0.00001036","0.00001040","0.00001070","0.00001031","132.44M","-0.48%"
"Jun 14, 2019","0.00001041","0.00001089","0.00001103","0.00001018","263.73M","-4.41%"
"Jun 13, 2019","0.00001089","0.00001181","0.00001189","0.00001068","336.52M","-7.87%"
"Jun 12, 2019","0.00001182","0.00001109","0.00001187","0.00001099","351.50M","6.58%"
"Jun 11, 2019","0.00001109","0.00001067","0.00001126","0.00001049","207.17M","4.13%"
"Jun 10, 2019","0.00001065","0.00001033","0.00001070","0.00001030","136.76M","3.10%"
"Jun 09, 2019","0.00001033","0.00001058","0.00001059","0.00001019","118.05M","-2.46%"
"Jun 08, 2019","0.00001059","0.00001066","0.00001074","0.00001047","68.67M","-0.66%"
"Jun 07, 2019","0.00001066","0.00001067","0.00001083","0.00001058","134.82M","0.00%"
"Jun 06, 2019","0.00001066","0.00001063","0.00001081","0.00001031","163.22M","0.38%"
"Jun 05, 2019","0.00001062","0.00001072","0.00001076","0.00001047","131.81M","-1.21%"
"Jun 04, 2019","0.00001075","0.00001079","0.00001098","0.00001047","288.11M","-0.28%"
"Jun 03, 2019","0.00001078","0.00001104","0.00001133","0.00001066","334.97M","-2.36%"
"Jun 02, 2019","0.00001104","0.00001060","0.00001117","0.00001057","302.19M","4.25%"
"Jun 01, 2019","0.00001059","0.00001043","0.00001080","0.00001011","209.37M","1.73%"
"May 31, 2019","0.00001041","0.00001015","0.00001049","0.00000999","189.32M","2.56%"
"May 30, 2019","0.00001015","0.00001055","0.00001108","0.00000989","367.81M","-3.52%"
"May 29, 2019","0.00001052","0.00001068","0.00001079","0.00001014","213.55M","-1.22%"
"May 28, 2019","0.00001065","0.00001032","0.00001071","0.00001005","254.07M","2.90%"
"May 27, 2019","0.00001035","0.00000987","0.00001054","0.00000972","250.17M","4.76%"
"May 26, 2019","0.00000988","0.00000999","0.00001021","0.00000968","175.45M","-1.00%"
"May 25, 2019","0.00000998","0.00001010","0.00001029","0.00000990","104.65M","-1.38%"
"May 24, 2019","0.00001012","0.00001024","0.00001043","0.00001000","177.14M","-1.08%"
"May 23, 2019","0.00001023","0.00001015","0.00001025","0.00000984","153.89M","0.69%"
"May 22, 2019","0.00001016","0.00001061","0.00001069","0.00001006","192.30M","-4.24%"
"May 21, 2019","0.00001061","0.00001061","0.00001078","0.00001045","160.63M","-0.28%"
"May 20, 2019","0.00001064","0.00001056","0.00001103","0.00001035","243.35M","0.66%"
"May 19, 2019","0.00001057","0.00001083","0.00001093","0.00001055","181.88M","-2.49%"
"May 18, 2019","0.00001084","0.00001124","0.00001147","0.00001082","158.73M","-4.32%"
"May 17, 2019","0.00001133","0.00001118","0.00001148","0.00001054","295.88M","1.34%"
"May 16, 2019","0.00001118","0.00001148","0.00001213","0.00001073","424.93M","-2.61%"
"May 15, 2019","0.00001148","0.00001064","0.00001161","0.00001054","293.72M","8.00%"
"May 14, 2019","0.00001063","0.00000932","0.00001063","0.00000924","341.11M","14.06%"
"May 13, 2019","0.00000932","0.00001008","0.00001038","0.00000911","236.28M","-7.54%"
"May 12, 2019","0.00001008","0.00001044","0.00001068","0.00000975","262.72M","-3.54%"
"May 11, 2019","0.00001045","0.00000989","0.00001130","0.00000938","385.42M","5.56%"
"May 10, 2019","0.00000990","0.00000994","0.00001038","0.00000932","212.59M","-0.50%"
"May 09, 2019","0.00000995","0.00001080","0.00001080","0.00000985","121.12M","-7.96%"
"May 08, 2019","0.00001081","0.00001095","0.00001103","0.00001071","78.10M","-1.46%"
"May 07, 2019","0.00001097","0.00001164","0.00001180","0.00001093","121.17M","-5.84%"
"May 06, 2019","0.00001165","0.00001143","0.00001186","0.00001122","121.56M","1.92%"
"May 05, 2019","0.00001143","0.00001148","0.00001169","0.00001140","61.93M","-0.35%"
"May 04, 2019","0.00001147","0.00001211","0.00001229","0.00001122","143.28M","-5.44%"
"May 03, 2019","0.00001213","0.00001247","0.00001274","0.00001178","167.41M","-2.65%"
"May 02, 2019","0.00001246","0.00001280","0.00001280","0.00001240","81.73M","-2.66%"
"May 01, 2019","0.00001280","0.00001317","0.00001322","0.00001259","102.50M","-2.81%"
"Apr 30, 2019","0.00001317","0.00001244","0.00001320","0.00001234","104.74M","6.04%"
"Apr 29, 2019","0.00001242","0.00001295","0.00001301","0.00001228","137.27M","-4.24%"
"Apr 28, 2019","0.00001297","0.00001332","0.00001340","0.00001287","75.42M","-2.70%"
"Apr 27, 2019","0.00001333","0.00001313","0.00001363","0.00001296","86.15M","1.37%"
"Apr 26, 2019","0.00001315","0.00001332","0.00001334","0.00001282","137.43M","-1.35%"
"Apr 25, 2019","0.00001333","0.00001330","0.00001382","0.00001304","212.81M","0.15%"
"Apr 24, 2019","0.00001331","0.00001339","0.00001348","0.00001264","214.16M","-0.52%"
"Apr 23, 2019","0.00001338","0.00001454","0.00001481","0.00001330","234.78M","-7.98%"
"Apr 22, 2019","0.00001454","0.00001393","0.00001467","0.00001367","182.44M","4.23%"
"Apr 21, 2019","0.00001395","0.00001436","0.00001460","0.00001363","162.65M","-2.86%"
"Apr 20, 2019","0.00001436","0.00001501","0.00001501","0.00001421","139.84M","-4.27%"
"Apr 19, 2019","0.00001500","0.00001543","0.00001543","0.00001482","154.66M","-2.98%"
"Apr 18, 2019","0.00001546","0.00001584","0.00001592","0.00001535","105.96M","-2.46%"
"Apr 17, 2019","0.00001585","0.00001599","0.00001618","0.00001568","91.48M","-0.88%"
"Apr 16, 2019","0.00001599","0.00001624","0.00001628","0.00001590","77.55M","-1.48%"
"Apr 15, 2019","0.00001623","0.00001641","0.00001650","0.00001602","75.36M","-0.98%"
"Apr 14, 2019","0.00001639","0.00001639","0.00001649","0.00001607","69.16M","-0.18%"
"Apr 13, 2019","0.00001642","0.00001633","0.00001668","0.00001627","75.16M","0.55%"
"Apr 12, 2019","0.00001633","0.00001651","0.00001678","0.00001611","119.80M","-1.27%"
"Apr 11, 2019","0.00001654","0.00001686","0.00001695","0.00001542","217.63M","-1.84%"
"Apr 10, 2019","0.00001685","0.00001608","0.00001721","0.00001606","176.01M","4.72%"
"Apr 09, 2019","0.00001609","0.00001640","0.00001672","0.00001575","160.39M","-2.01%"
"Apr 08, 2019","0.00001642","0.00001737","0.00001750","0.00001613","171.01M","-5.52%"
"Apr 07, 2019","0.00001738","0.00001783","0.00001783","0.00001726","85.01M","-2.52%"
"Apr 06, 2019","0.00001783","0.00001808","0.00001808","0.00001757","111.41M","-1.33%"
"Apr 05, 2019","0.00001807","0.00001788","0.00001841","0.00001777","152.39M","1.57%"
"Apr 04, 2019","0.00001779","0.00001836","0.00001867","0.00001701","286.98M","-3.10%"
"Apr 03, 2019","0.00001836","0.00001760","0.00001943","0.00001711","552.08M","4.44%"
"Apr 02, 2019","0.00001758","0.00001740","0.00001758","0.00001521","381.08M","0.98%"
"Apr 01, 2019","0.00001741","0.00001703","0.00001752","0.00001671","163.26M","2.17%"
"Mar 31, 2019","0.00001704","0.00001756","0.00001765","0.00001696","119.68M","-2.91%"
"Mar 30, 2019","0.00001755","0.00001738","0.00001775","0.00001687","196.77M","0.69%"
"Mar 29, 2019","0.00001743","0.00001627","0.00001782","0.00001623","361.63M","7.20%"
"Mar 28, 2019","0.00001626","0.00001656","0.00001658","0.00001599","181.62M","-1.87%"
"Mar 27, 2019","0.00001657","0.00001566","0.00001685","0.00001540","368.22M","6.15%"
"Mar 26, 2019","0.00001561","0.00001489","0.00001570","0.00001489","278.90M","4.91%"
"Mar 25, 2019","0.00001488","0.00001540","0.00001543","0.00001458","254.74M","-3.44%"
"Mar 24, 2019","0.00001541","0.00001586","0.00001608","0.00001485","389.73M","-2.84%"
"Mar 23, 2019","0.00001586","0.00001449","0.00001614","0.00001425","525.29M","9.30%"
"Mar 22, 2019","0.00001451","0.00001311","0.00001471","0.00001309","450.94M","10.43%"
"Mar 21, 2019","0.00001314","0.00001325","0.00001350","0.00001269","245.98M","-0.68%"
"Mar 20, 2019","0.00001323","0.00001297","0.00001336","0.00001275","173.07M","2.08%"
"Mar 19, 2019","0.00001296","0.00001253","0.00001322","0.00001238","188.27M","3.43%"
"Mar 18, 2019","0.00001253","0.00001253","0.00001264","0.00001239","84.70M","0.08%"
"Mar 17, 2019","0.00001252","0.00001280","0.00001282","0.00001241","117.78M","-2.11%"
"Mar 16, 2019","0.00001279","0.00001270","0.00001293","0.00001231","165.16M","0.71%"
"Mar 15, 2019","0.00001270","0.00001228","0.00001290","0.00001225","220.02M","3.25%"
"Mar 14, 2019","0.00001230","0.00001197","0.00001235","0.00001189","143.05M","2.67%"
"Mar 13, 2019","0.00001198","0.00001216","0.00001250","0.00001186","161.79M","-1.32%"
"Mar 12, 2019","0.00001214","0.00001223","0.00001237","0.00001196","166.05M","-0.65%"
"Mar 11, 2019","0.00001222","0.00001161","0.00001253","0.00001151","324.29M","5.07%"
"Mar 10, 2019","0.00001163","0.00001189","0.00001189","0.00001138","143.44M","-2.19%"
"Mar 09, 2019","0.00001189","0.00001099","0.00001195","0.00001097","259.33M","8.49%"
"Mar 08, 2019","0.00001096","0.00001103","0.00001118","0.00001087","93.35M","-0.63%"
"Mar 07, 2019","0.00001103","0.00001101","0.00001117","0.00001093","84.91M","0.18%"
"Mar 06, 2019","0.00001101","0.00001112","0.00001119","0.00001094","72.37M","-1.08%"
"Mar 05, 2019","0.00001113","0.00001083","0.00001120","0.00001075","106.22M","2.77%"
"Mar 04, 2019","0.00001083","0.00001105","0.00001106","0.00001060","96.08M","-2.08%"
"Mar 03, 2019","0.00001106","0.00001111","0.00001115","0.00001100","56.60M","-0.45%"
"Mar 02, 2019","0.00001111","0.00001126","0.00001131","0.00001108","49.73M","-1.33%"
"Mar 01, 2019","0.00001126","0.00001124","0.00001136","0.00001120","58.70M","0.18%"
"Feb 28, 2019","0.00001124","0.00001127","0.00001135","0.00001119","58.67M","-0.18%"
"Feb 27, 2019","0.00001126","0.00001127","0.00001133","0.00001114","80.64M","-0.09%"
"Feb 26, 2019","0.00001127","0.00001136","0.00001138","0.00001115","87.57M","-0.79%"
"Feb 25, 2019","0.00001136","0.00001113","0.00001147","0.00001112","94.17M","2.16%"
"Feb 24, 2019","0.00001112","0.00001179","0.00001204","0.00001107","207.22M","-5.60%"
"Feb 23, 2019","0.00001178","0.00001157","0.00001185","0.00001152","114.60M","1.90%"
"Feb 22, 2019","0.00001156","0.00001145","0.00001162","0.00001135","70.44M","0.96%"
"Feb 21, 2019","0.00001145","0.00001196","0.00001198","0.00001125","120.62M","-4.10%"
"Feb 20, 2019","0.00001194","0.00001177","0.00001198","0.00001154","102.53M","1.44%"
"Feb 19, 2019","0.00001177","0.00001170","0.00001224","0.00001169","168.94M","0.60%"
"Feb 18, 2019","0.00001170","0.00001134","0.00001197","0.00001124","180.41M","3.17%"
"Feb 17, 2019","0.00001134","0.00001134","0.00001147","0.00001124","53.83M","-0.09%"
"Feb 16, 2019","0.00001135","0.00001127","0.00001141","0.00001124","40.71M","0.62%"
"Feb 15, 2019","0.00001128","0.00001124","0.00001139","0.00001117","63.59M","0.27%"
"Feb 14, 2019","0.00001125","0.00001137","0.00001143","0.00001115","53.76M","-1.06%"
"Feb 13, 2019","0.00001137","0.00001149","0.00001161","0.00001137","50.11M","-1.13%"
"Feb 12, 2019","0.00001150","0.00001150","0.00001153","0.00001126","61.55M","0.09%"
"Feb 11, 2019","0.00001149","0.00001165","0.00001166","0.00001140","71.25M","-1.37%"
"Feb 10, 2019","0.00001165","0.00001124","0.00001172","0.00001102","103.45M","3.65%"
"Feb 09, 2019","0.00001124","0.00001113","0.00001150","0.00001112","72.26M","1.08%"
"Feb 08, 2019","0.00001112","0.00001072","0.00001141","0.00001069","141.34M","3.63%"
"Feb 07, 2019","0.00001073","0.00001077","0.00001093","0.00001067","60.69M","-0.19%"
"Feb 06, 2019","0.00001075","0.00001097","0.00001099","0.00001059","81.82M","-2.09%"
"Feb 05, 2019","0.00001098","0.00001096","0.00001113","0.00001084","59.07M","0.18%"
"Feb 04, 2019","0.00001096","0.00001105","0.00001115","0.00001092","55.61M","-0.90%"
"Feb 03, 2019","0.00001106","0.00001120","0.00001124","0.00001100","39.04M","-1.25%"
"Feb 02, 2019","0.00001120","0.00001114","0.00001123","0.00001104","31.88M","0.72%"
"Feb 01, 2019","0.00001112","0.00001114","0.00001123","0.00001081","77.93M","0.00%"
"Jan 31, 2019","0.00001112","0.00001144","0.00001157","0.00001101","78.24M","-2.71%"
"Jan 30, 2019","0.00001143","0.00001111","0.00001153","0.00001100","88.34M","2.70%"
"Jan 29, 2019","0.00001113","0.00001123","0.00001143","0.00001089","79.49M","-0.80%"
"Jan 28, 2019","0.00001122","0.00001151","0.00001158","0.00001082","121.02M","-2.52%"
"Jan 27, 2019","0.00001151","0.00001189","0.00001192","0.00001147","78.26M","-3.20%"
"Jan 26, 2019","0.00001189","0.00001190","0.00001198","0.00001186","40.89M","-0.08%"
"Jan 25, 2019","0.00001190","0.00001200","0.00001204","0.00001188","34.80M","-0.83%"
"Jan 24, 2019","0.00001200","0.00001201","0.00001209","0.00001195","40.79M","-0.08%"
"Jan 23, 2019","0.00001201","0.00001212","0.00001224","0.00001194","59.73M","-0.99%"
"Jan 22, 2019","0.00001213","0.00001206","0.00001223","0.00001188","78.97M","0.58%"
"Jan 21, 2019","0.00001206","0.00001213","0.00001222","0.00001197","53.77M","-0.50%"
"Jan 20, 2019","0.00001212","0.00001231","0.00001235","0.00001188","88.25M","-1.54%"
"Jan 19, 2019","0.00001231","0.00001215","0.00001243","0.00001205","88.79M","1.23%"
"Jan 18, 2019","0.00001216","0.00001236","0.00001237","0.00001210","65.41M","-1.62%"
"Jan 17, 2019","0.00001236","0.00001233","0.00001273","0.00001210","139.84M","0.41%"
"Jan 16, 2019","0.00001231","0.00001182","0.00001236","0.00001175","127.32M","4.06%"
"Jan 15, 2019","0.00001183","0.00001197","0.00001205","0.00001161","109.87M","-1.17%"
"Jan 14, 2019","0.00001197","0.00001134","0.00001203","0.00001134","112.50M","5.46%"
"Jan 13, 2019","0.00001135","0.00001197","0.00001202","0.00001125","99.08M","-5.10%"
"Jan 12, 2019","0.00001196","0.00001202","0.00001212","0.00001180","72.03M","-0.66%"
"Jan 11, 2019","0.00001204","0.00001216","0.00001228","0.00001174","141.89M","-1.15%"
"Jan 10, 2019","0.00001218","0.00001297","0.00001353","0.00001169","335.38M","-6.09%"
"Jan 09, 2019","0.00001297","0.00001208","0.00001313","0.00001208","214.25M","7.37%"
"Jan 08, 2019","0.00001208","0.00001196","0.00001223","0.00001170","123.71M","1.00%"
"Jan 07, 2019","0.00001196","0.00001209","0.00001250","0.00001185","147.48M","-1.08%"
"Jan 06, 2019","0.00001209","0.00001168","0.00001236","0.00001164","239.22M","3.60%"
"Jan 05, 2019","0.00001167","0.00001135","0.00001180","0.00001124","122.60M","2.64%"
"Jan 04, 2019","0.00001137","0.00001116","0.00001147","0.00001114","66.15M","1.97%"
"Jan 03, 2019","0.00001115","0.00001147","0.00001154","0.00001113","93.51M","-3.04%"
"Jan 02, 2019","0.00001150","0.00001104","0.00001161","0.00001101","109.24M","3.98%"
"Jan 01, 2019","0.00001106","0.00001094","0.00001120","0.00001079","53.71M","1.00%"
"Dec 31, 2018","0.00001095","0.00001118","0.00001127","0.00001085","92.08M","-2.49%"
"Dec 30, 2018","0.00001123","0.00001098","0.00001133","0.00001079","140.26M","2.56%"
"Dec 29, 2018","0.00001095","0.00001070","0.00001132","0.00001059","154.32M","2.24%"
"Dec 28, 2018","0.00001071","0.00001014","0.00001088","0.00000999","125.30M","5.83%"
"Dec 27, 2018","0.00001012","0.00001074","0.00001080","0.00001003","104.49M","-5.68%"
"Dec 26, 2018","0.00001073","0.00001098","0.00001116","0.00001040","134.08M","-2.19%"
"Dec 25, 2018","0.00001097","0.00001122","0.00001125","0.00001040","149.72M","-2.14%"
"Dec 24, 2018","0.00001121","0.00001112","0.00001173","0.00001092","239.07M","0.81%"
"Dec 23, 2018","0.00001112","0.00001052","0.00001129","0.00001046","163.97M","5.80%"
"Dec 22, 2018","0.00001051","0.00001049","0.00001065","0.00001004","114.32M","0.00%"
"Dec 21, 2018","0.00001051","0.00000957","0.00001105","0.00000948","343.56M","9.94%"
"Dec 20, 2018","0.00000956","0.00000920","0.00000963","0.00000915","162.90M","4.03%"
"Dec 19, 2018","0.00000919","0.00000941","0.00000978","0.00000919","198.71M","-2.13%"
"Dec 18, 2018","0.00000939","0.00000925","0.00000946","0.00000910","123.18M","1.62%"
"Dec 17, 2018","0.00000924","0.00000898","0.00000942","0.00000892","129.50M","2.78%"
"Dec 16, 2018","0.00000899","0.00000874","0.00000906","0.00000873","74.46M","2.74%"
"Dec 15, 2018","0.00000875","0.00000878","0.00000884","0.00000868","54.83M","-0.34%"
"Dec 14, 2018","0.00000878","0.00000883","0.00000890","0.00000867","60.55M","-0.45%"
"Dec 13, 2018","0.00000882","0.00000880","0.00000894","0.00000872","69.30M","0.11%"
"Dec 12, 2018","0.00000881","0.00000869","0.00000892","0.00000862","81.03M","1.50%"
"Dec 11, 2018","0.00000868","0.00000867","0.00000873","0.00000856","51.02M","0.12%"
"Dec 10, 2018","0.00000867","0.00000877","0.00000884","0.00000861","61.58M","-1.14%"
"Dec 09, 2018","0.00000877","0.00000886","0.00000893","0.00000872","89.36M","-1.02%"
"Dec 08, 2018","0.00000886","0.00000874","0.00000917","0.00000856","111.42M","1.37%"
"Dec 07, 2018","0.00000874","0.00000875","0.00000885","0.00000834","199.43M","-0.11%"
"Dec 06, 2018","0.00000875","0.00000912","0.00000917","0.00000863","165.83M","-4.16%"
"Dec 05, 2018","0.00000913","0.00000950","0.00000951","0.00000911","144.32M","-3.79%"
"Dec 04, 2018","0.00000949","0.00000990","0.00000998","0.00000947","131.71M","-4.33%"
"Dec 03, 2018","0.00000992","0.00001007","0.00001013","0.00000983","93.70M","-1.29%"
"Dec 02, 2018","0.00001005","0.00000985","0.00001016","0.00000983","95.11M","1.82%"
"Dec 01, 2018","0.00000987","0.00000966","0.00000992","0.00000957","90.28M","2.07%"
"Nov 30, 2018","0.00000967","0.00000977","0.00000984","0.00000947","110.64M","-1.02%"
"Nov 29, 2018","0.00000977","0.00000989","0.00001011","0.00000958","135.86M","-1.21%"
"Nov 28, 2018","0.00000989","0.00000954","0.00001010","0.00000923","218.73M","3.78%"
"Nov 27, 2018","0.00000953","0.00000946","0.00000962","0.00000925","90.60M","0.85%"
"Nov 26, 2018","0.00000945","0.00000938","0.00000961","0.00000923","126.27M","0.75%"
"Nov 25, 2018","0.00000938","0.00000994","0.00000996","0.00000906","178.90M","-5.35%"
"Nov 24, 2018","0.00000991","0.00000992","0.00001004","0.00000957","100.87M","-0.20%"
"Nov 23, 2018","0.00000993","0.00001012","0.00001014","0.00000982","81.71M","-1.49%"
"Nov 22, 2018","0.00001008","0.00001040","0.00001047","0.00001008","58.99M","-2.89%"
"Nov 21, 2018","0.00001038","0.00001005","0.00001041","0.00000980","115.43M","3.08%"
"Nov 20, 2018","0.00001007","0.00001072","0.00001075","0.00000968","246.53M","-5.98%"
"Nov 19, 2018","0.00001071","0.00001101","0.00001102","0.00001009","189.09M","-2.72%"
"Nov 18, 2018","0.00001101","0.00001086","0.00001113","0.00001086","68.16M","1.29%"
"Nov 17, 2018","0.00001087","0.00001088","0.00001095","0.00001067","62.14M","-0.18%"
"Nov 16, 2018","0.00001089","0.00001116","0.00001126","0.00001084","92.58M","-2.59%"
"Nov 15, 2018","0.00001118","0.00001125","0.00001131","0.00001074","179.17M","-0.53%"
"Nov 14, 2018","0.00001124","0.00001155","0.00001155","0.00001067","168.56M","-2.52%"
"Nov 13, 2018","0.00001153","0.00001192","0.00001193","0.00001150","91.92M","-3.27%"
"Nov 12, 2018","0.00001192","0.00001194","0.00001204","0.00001173","79.34M","-0.25%"
"Nov 11, 2018","0.00001195","0.00001174","0.00001210","0.00001164","87.36M","1.79%"
"Nov 10, 2018","0.00001174","0.00001160","0.00001187","0.00001156","56.42M","1.03%"
"Nov 09, 2018","0.00001162","0.00001185","0.00001204","0.00001157","95.81M","-2.02%"
"Nov 08, 2018","0.00001186","0.00001202","0.00001219","0.00001176","108.74M","-1.25%"
"Nov 07, 2018","0.00001201","0.00001253","0.00001254","0.00001196","120.13M","-4.15%"
"Nov 06, 2018","0.00001253","0.00001188","0.00001253","0.00001184","185.49M","5.47%"
"Nov 05, 2018","0.00001188","0.00001192","0.00001226","0.00001158","138.33M","-0.34%"
"Nov 04, 2018","0.00001192","0.00001124","0.00001210","0.00001120","226.56M","6.05%"
"Nov 03, 2018","0.00001124","0.00001136","0.00001140","0.00001113","51.43M","-1.14%"
"Nov 02, 2018","0.00001137","0.00001112","0.00001148","0.00001108","75.71M","2.25%"
"Nov 01, 2018","0.00001112","0.00001108","0.00001118","0.00001096","41.64M","0.36%"
"Oct 31, 2018","0.00001108","0.00001106","0.00001110","0.00001085","59.66M","0.18%"
"Oct 30, 2018","0.00001106","0.00001106","0.00001110","0.00001099","43.18M","0.00%"
"Oct 29, 2018","0.00001106","0.00001134","0.00001135","0.00001091","67.85M","-2.47%"
"Oct 28, 2018","0.00001134","0.00001130","0.00001136","0.00001123","35.25M","0.35%"
"Oct 27, 2018","0.00001130","0.00001143","0.00001144","0.00001127","37.24M","-1.22%"
"Oct 26, 2018","0.00001144","0.00001147","0.00001150","0.00001128","50.25M","-0.09%"
"Oct 25, 2018","0.00001145","0.00001148","0.00001152","0.00001135","42.61M","-0.17%"
"Oct 24, 2018","0.00001147","0.00001157","0.00001165","0.00001147","50.97M","-1.04%"
"Oct 23, 2018","0.00001159","0.00001175","0.00001176","0.00001130","79.11M","-1.36%"
"Oct 22, 2018","0.00001175","0.00001171","0.00001181","0.00001161","44.91M","0.43%"
"Oct 21, 2018","0.00001170","0.00001179","0.00001192","0.00001169","34.43M","-0.68%"
"Oct 20, 2018","0.00001178","0.00001177","0.00001192","0.00001169","47.27M","0.17%"
"Oct 19, 2018","0.00001176","0.00001159","0.00001184","0.00001152","45.90M","1.55%"
"Oct 18, 2018","0.00001158","0.00001188","0.00001192","0.00001144","85.00M","-2.44%"
"Oct 17, 2018","0.00001187","0.00001153","0.00001208","0.00001150","111.22M","3.13%"
"Oct 16, 2018","0.00001151","0.00001135","0.00001169","0.00001130","67.24M","1.41%"
"Oct 15, 2018","0.00001135","0.00001127","0.00001160","0.00001105","158.06M","0.44%"
"Oct 14, 2018","0.00001130","0.00001165","0.00001168","0.00001124","76.74M","-3.00%"
"Oct 13, 2018","0.00001165","0.00001163","0.00001193","0.00001156","62.92M","0.09%"
"Oct 12, 2018","0.00001164","0.00001132","0.00001205","0.00001117","100.00M","2.74%"
"Oct 11, 2018","0.00001133","0.00001288","0.00001289","0.00001116","206.64M","-12.10%"
"Oct 10, 2018","0.00001289","0.00001301","0.00001308","0.00001277","86.01M","-0.92%"
"Oct 09, 2018","0.00001301","0.00001304","0.00001317","0.00001280","78.49M","-0.23%"
"Oct 08, 2018","0.00001304","0.00001281","0.00001329","0.00001266","163.79M","1.80%"
"Oct 07, 2018","0.00001281","0.00001234","0.00001290","0.00001230","71.41M","3.56%"
"Oct 06, 2018","0.00001237","0.00001260","0.00001268","0.00001229","66.80M","-1.59%"
"Oct 05, 2018","0.00001257","0.00001238","0.00001262","0.00001227","78.72M","1.62%"
"Oct 04, 2018","0.00001237","0.00001242","0.00001256","0.00001227","74.01M","-0.32%"
"Oct 03, 2018","0.00001241","0.00001259","0.00001260","0.00001215","85.44M","-1.35%"
"Oct 02, 2018","0.00001258","0.00001280","0.00001286","0.00001256","101.74M","-1.72%"
"Oct 01, 2018","0.00001280","0.00001284","0.00001293","0.00001257","103.48M","-0.39%"
"Sep 30, 2018","0.00001285","0.00001279","0.00001310","0.00001265","102.22M","0.31%"
"Sep 29, 2018","0.00001281","0.00001264","0.00001317","0.00001250","111.54M","1.34%"
"Sep 28, 2018","0.00001264","0.00001291","0.00001303","0.00001227","192.57M","-2.09%"
"Sep 27, 2018","0.00001291","0.00001224","0.00001320","0.00001209","219.63M","5.47%"
"Sep 26, 2018","0.00001224","0.00001258","0.00001269","0.00001198","136.26M","-2.55%"
"Sep 25, 2018","0.00001256","0.00001251","0.00001281","0.00001168","174.02M","0.24%"
"Sep 24, 2018","0.00001253","0.00001340","0.00001366","0.00001245","176.99M","-6.35%"
"Sep 23, 2018","0.00001338","0.00001240","0.00001389","0.00001235","275.54M","7.90%"
"Sep 22, 2018","0.00001240","0.00001297","0.00001303","0.00001200","191.13M","-4.47%"
"Sep 21, 2018","0.00001298","0.00001245","0.00001337","0.00001221","439.06M","4.17%"
"Sep 20, 2018","0.00001246","0.00001129","0.00001279","0.00001114","248.54M","10.36%"
"Sep 19, 2018","0.00001129","0.00001088","0.00001168","0.00001073","275.18M","3.48%"
"Sep 18, 2018","0.00001091","0.00001015","0.00001105","0.00000994","190.12M","7.49%"
"Sep 17, 2018","0.00001015","0.00001071","0.00001077","0.00001004","135.60M","-5.58%"
"Sep 16, 2018","0.00001075","0.00001056","0.00001075","0.00001030","96.68M","1.80%"
"Sep 15, 2018","0.00001056","0.00001044","0.00001076","0.00001040","90.56M","0.96%"
"Sep 14, 2018","0.00001046","0.00001070","0.00001076","0.00001017","160.35M","-2.24%"
"Sep 13, 2018","0.00001070","0.00001047","0.00001088","0.00001022","227.31M","2.29%"
"Sep 12, 2018","0.00001046","0.00001114","0.00001117","0.00000978","242.93M","-6.02%"
"Sep 11, 2018","0.00001113","0.00001164","0.00001173","0.00001064","135.15M","-4.30%"
"Sep 10, 2018","0.00001163","0.00001215","0.00001233","0.00001142","140.88M","-4.36%"
"Sep 09, 2018","0.00001216","0.00001254","0.00001262","0.00001201","119.02M","-2.95%"
"Sep 08, 2018","0.00001253","0.00001294","0.00001306","0.00001241","85.51M","-3.24%"
"Sep 07, 2018","0.00001295","0.00001358","0.00001366","0.00001291","105.95M","-4.50%"
"Sep 06, 2018","0.00001356","0.00001286","0.00001361","0.00001280","167.54M","5.53%"
"Sep 05, 2018","0.00001285","0.00001431","0.00001440","0.00001275","220.81M","-10.14%"
"Sep 04, 2018","0.00001430","0.00001425","0.00001447","0.00001423","105.62M","0.28%"
"Sep 03, 2018","0.00001426","0.00001437","0.00001448","0.00001416","89.58M","-0.77%"
"Sep 02, 2018","0.00001437","0.00001487","0.00001488","0.00001424","100.53M","-3.36%"
"Sep 01, 2018","0.00001487","0.00001449","0.00001520","0.00001443","95.46M","2.62%"
"Aug 31, 2018","0.00001449","0.00001444","0.00001459","0.00001421","64.50M","0.35%"
"Aug 30, 2018","0.00001444","0.00001499","0.00001523","0.00001415","98.04M","-3.67%"
"Aug 29, 2018","0.00001499","0.00001493","0.00001535","0.00001448","149.18M","0.54%"
"Aug 28, 2018","0.00001491","0.00001455","0.00001507","0.00001446","180.88M","2.33%"
"Aug 27, 2018","0.00001457","0.00001390","0.00001480","0.00001381","140.56M","4.82%"
"Aug 26, 2018","0.00001390","0.00001397","0.00001399","0.00001373","80.48M","-0.50%"
"Aug 25, 2018","0.00001397","0.00001403","0.00001408","0.00001375","82.25M","-0.29%"
"Aug 24, 2018","0.00001401","0.00001415","0.00001426","0.00001395","98.32M","-1.06%"
"Aug 23, 2018","0.00001416","0.00001408","0.00001431","0.00001384","93.32M","0.57%"
"Aug 22, 2018","0.00001408","0.00001460","0.00001482","0.00001387","127.60M","-3.63%"
"Aug 21, 2018","0.00001461","0.00001468","0.00001481","0.00001425","111.92M","-0.54%"
"Aug 20, 2018","0.00001469","0.00001562","0.00001580","0.00001466","129.87M","-6.13%"
"Aug 19, 2018","0.00001565","0.00001541","0.00001603","0.00001518","122.74M","1.56%"
"Aug 18, 2018","0.00001541","0.00001672","0.00001700","0.00001512","212.88M","-7.95%"
"Aug 17, 2018","0.00001674","0.00001499","0.00001674","0.00001492","222.24M","11.53%"
"Aug 16, 2018","0.00001501","0.00001497","0.00001520","0.00001467","124.20M","0.20%"
"Aug 15, 2018","0.00001498","0.00001512","0.00001603","0.00001486","189.92M","-1.06%"
"Aug 14, 2018","0.00001514","0.00001613","0.00001616","0.00001425","144.68M","-6.31%"
"Aug 13, 2018","0.00001616","0.00001771","0.00001780","0.00001613","102.19M","-8.65%"
"Aug 12, 2018","0.00001769","0.00001765","0.00001794","0.00001751","65.37M","0.23%"
"Aug 11, 2018","0.00001765","0.00001866","0.00001868","0.00001752","102.21M","-5.61%"
"Aug 10, 2018","0.00001870","0.00001869","0.00001907","0.00001832","113.78M","-0.11%"
"Aug 09, 2018","0.00001872","0.00001800","0.00001924","0.00001800","125.51M","4.12%"
"Aug 08, 2018","0.00001798","0.00001840","0.00001852","0.00001750","110.22M","-2.39%"
"Aug 07, 2018","0.00001842","0.00001867","0.00001872","0.00001815","80.68M","-1.34%"
"Aug 06, 2018","0.00001867","0.00001854","0.00001902","0.00001837","74.65M","0.43%"
"Aug 05, 2018","0.00001859","0.00001802","0.00001859","0.00001799","51.64M","3.16%"
"Aug 04, 2018","0.00001802","0.00001744","0.00001812","0.00001744","77.77M","3.27%"
"Aug 03, 2018","0.00001745","0.00001738","0.00001787","0.00001688","99.19M","0.29%"
"Aug 02, 2018","0.00001740","0.00001838","0.00001848","0.00001715","90.29M","-5.33%"
"Aug 01, 2018","0.00001838","0.00001835","0.00001887","0.00001800","82.59M","0.38%"
"Jul 31, 2018","0.00001831","0.00001872","0.00001878","0.00001762","123.40M","-2.45%"
"Jul 30, 2018","0.00001877","0.00001981","0.00001985","0.00001872","94.09M","-5.25%"
"Jul 29, 2018","0.00001981","0.00001996","0.00001998","0.00001959","65.06M","-0.65%"
"Jul 28, 2018","0.00001994","0.00002026","0.00002029","0.00001965","66.80M","-1.58%"
"Jul 27, 2018","0.00002026","0.00002069","0.00002077","0.00001989","115.07M","-2.08%"
"Jul 26, 2018","0.00002069","0.00002113","0.00002128","0.00002053","109.02M","-2.22%"
"Jul 25, 2018","0.00002116","0.00002063","0.00002120","0.00002047","133.80M","2.47%"
"Jul 24, 2018","0.00002065","0.00002129","0.00002180","0.00002022","188.98M","-2.96%"
"Jul 23, 2018","0.00002128","0.00002288","0.00002344","0.00002128","129.76M","-7.03%"
"Jul 22, 2018","0.00002289","0.00002206","0.00002370","0.00002202","111.70M","3.57%"
"Jul 21, 2018","0.00002210","0.00002196","0.00002281","0.00002132","124.69M","0.45%"
"Jul 20, 2018","0.00002200","0.00002432","0.00002453","0.00002186","192.11M","-9.50%"
"Jul 19, 2018","0.00002431","0.00002447","0.00002566","0.00002363","178.45M","-0.73%"
"Jul 18, 2018","0.00002449","0.00002343","0.00002604","0.00002342","263.29M","4.52%"
"Jul 17, 2018","0.00002343","0.00002331","0.00002393","0.00002249","145.50M","0.26%"
"Jul 16, 2018","0.00002337","0.00002240","0.00002359","0.00002223","126.06M","4.28%"
"Jul 15, 2018","0.00002241","0.00002185","0.00002284","0.00002157","90.63M","2.61%"
"Jul 14, 2018","0.00002184","0.00002213","0.00002232","0.00002146","110.68M","-1.18%"
"Jul 13, 2018","0.00002210","0.00002039","0.00002311","0.00002029","204.41M","8.65%"
"Jul 12, 2018","0.00002034","0.00002059","0.00002060","0.00002006","81.87M","-1.21%"
"Jul 11, 2018","0.00002059","0.00002033","0.00002090","0.00001987","106.82M","1.28%"
"Jul 10, 2018","0.00002033","0.00002091","0.00002093","0.00002009","105.03M","-2.59%"
"Jul 09, 2018","0.00002087","0.00002159","0.00002168","0.00002085","83.19M","-3.33%"
"Jul 08, 2018","0.00002159","0.00002186","0.00002210","0.00002153","86.53M","-1.19%"
"Jul 07, 2018","0.00002185","0.00002197","0.00002201","0.00002106","84.89M","-0.55%"
"Jul 06, 2018","0.00002197","0.00002256","0.00002257","0.00002137","113.78M","-2.70%"
"Jul 05, 2018","0.00002258","0.00002296","0.00002326","0.00002211","101.33M","-1.57%"
"Jul 04, 2018","0.00002294","0.00002296","0.00002378","0.00002257","85.41M","-0.09%"
"Jul 03, 2018","0.00002296","0.00002336","0.00002408","0.00002285","139.59M","-1.54%"
"Jul 02, 2018","0.00002332","0.00002233","0.00002395","0.00002191","156.38M","4.34%"
"Jul 01, 2018","0.00002235","0.00002160","0.00002277","0.00002094","135.96M","3.42%"
"Jun 30, 2018","0.00002161","0.00002021","0.00002161","0.00002021","130.44M","6.82%"
"Jun 29, 2018","0.00002023","0.00002020","0.00002041","0.00001937","118.65M","0.20%"
"Jun 28, 2018","0.00002019","0.00002074","0.00002089","0.00002010","86.92M","-2.70%"
"Jun 27, 2018","0.00002075","0.00002062","0.00002080","0.00002039","33.61M","0.58%"
"Jun 26, 2018","0.00002063","0.00002164","0.00002168","0.00002062","21.75M","-4.67%"
"Jun 25, 2018","0.00002164","0.00002132","0.00002205","0.00002080","56.51M","1.55%"
"Jun 24, 2018","0.00002131","0.00002228","0.00002249","0.00002077","66.38M","-4.31%"
"Jun 23, 2018","0.00002227","0.00002286","0.00002301","0.00002201","37.41M","-2.54%"
"Jun 22, 2018","0.00002285","0.00002350","0.00002356","0.00002247","88.89M","-2.85%"
"Jun 21, 2018","0.00002352","0.00002392","0.00002407","0.00002334","48.10M","-1.67%"
"Jun 20, 2018","0.00002392","0.00002479","0.00002481","0.00002380","47.40M","-3.28%"
"Jun 19, 2018","0.00002473","0.00002443","0.00002509","0.00002413","52.31M","1.44%"
"Jun 18, 2018","0.00002438","0.00002491","0.00002502","0.00002422","68.14M","-2.01%"
"Jun 17, 2018","0.00002488","0.00002500","0.00002508","0.00002475","53.94M","-0.56%"
"Jun 16, 2018","0.00002502","0.00002520","0.00002542","0.00002460","59.20M","-0.71%"
"Jun 15, 2018","0.00002520","0.00002575","0.00002575","0.00002495","92.55M","-2.06%"
"Jun 14, 2018","0.00002573","0.00002509","0.00002695","0.00002433","180.48M","2.55%"
"Jun 13, 2018","0.00002509","0.00002496","0.00002524","0.00002355","132.89M","0.60%"
"Jun 12, 2018","0.00002494","0.00002608","0.00002628","0.00002457","106.66M","-4.19%"
"Jun 11, 2018","0.00002603","0.00002569","0.00002615","0.00002474","108.30M","1.48%"
"Jun 10, 2018","0.00002565","0.00002674","0.00002686","0.00002515","137.10M","-4.11%"
"Jun 09, 2018","0.00002675","0.00002686","0.00002729","0.00002658","73.16M","-0.41%"
"Jun 08, 2018","0.00002686","0.00002734","0.00002737","0.00002664","81.78M","-1.76%"
"Jun 07, 2018","0.00002734","0.00002803","0.00002823","0.00002720","89.27M","-2.46%"
"Jun 06, 2018","0.00002803","0.00002863","0.00002882","0.00002784","106.33M","-2.13%"
"Jun 05, 2018","0.00002864","0.00002830","0.00002909","0.00002740","112.02M","1.24%"
"Jun 04, 2018","0.00002829","0.00002938","0.00002979","0.00002799","117.02M","-3.64%"
"Jun 03, 2018","0.00002936","0.00002965","0.00003055","0.00002909","122.61M","-0.98%"
"Jun 02, 2018","0.00002965","0.00002932","0.00002995","0.00002890","121.17M","1.23%"
"Jun 01, 2018","0.00002929","0.00002982","0.00003000","0.00002880","129.88M","-1.71%"
"May 31, 2018","0.00002980","0.00002814","0.00003016","0.00002776","195.54M","5.71%"
"May 30, 2018","0.00002819","0.00002702","0.00002878","0.00002672","217.70M","4.33%"
"May 29, 2018","0.00002702","0.00002432","0.00002770","0.00002429","212.89M","11.15%"
"May 28, 2018","0.00002431","0.00002613","0.00002630","0.00002417","142.12M","-6.97%"
"May 27, 2018","0.00002613","0.00002657","0.00002668","0.00002603","89.91M","-1.73%"
"May 26, 2018","0.00002659","0.00002655","0.00002693","0.00002638","88.44M","0.15%"
"May 25, 2018","0.00002655","0.00002733","0.00002742","0.00002633","104.59M","-2.82%"
"May 24, 2018","0.00002732","0.00002640","0.00002755","0.00002590","81.97M","3.41%"
"May 23, 2018","0.00002642","0.00002760","0.00002778","0.00002580","111.13M","-4.31%"
"May 22, 2018","0.00002761","0.00002931","0.00002946","0.00002746","79.39M","-5.77%"
"May 21, 2018","0.00002930","0.00002998","0.00003049","0.00002916","80.49M","-2.20%"
"May 20, 2018","0.00002996","0.00002932","0.00003053","0.00002916","117.84M","2.18%"
"May 19, 2018","0.00002932","0.00002960","0.00002970","0.00002900","74.99M","-0.91%"
"May 18, 2018","0.00002959","0.00002964","0.00002976","0.00002897","79.01M","-0.40%"
"May 17, 2018","0.00002971","0.00003016","0.00003088","0.00002965","79.89M","-1.79%"
"May 16, 2018","0.00003025","0.00003000","0.00003029","0.00002926","89.21M","0.87%"
"May 15, 2018","0.00002999","0.00003073","0.00003135","0.00002983","87.08M","-2.19%"
"May 14, 2018","0.00003066","0.00003196","0.00003196","0.00003029","76.22M","-4.04%"
"May 13, 2018","0.00003195","0.00003131","0.00003263","0.00003062","95.92M","2.24%"
"May 12, 2018","0.00003125","0.00003049","0.00003231","0.00002866","109.98M","2.73%"
"May 11, 2018","0.00003042","0.00003236","0.00003276","0.00002907","156.08M","-6.00%"
"May 10, 2018","0.00003236","0.00003420","0.00003441","0.00003233","74.11M","-5.35%"
"May 09, 2018","0.00003419","0.00003517","0.00003521","0.00003322","89.43M","-2.62%"
"May 08, 2018","0.00003511","0.00003531","0.00003652","0.00003477","88.12M","-0.62%"
"May 07, 2018","0.00003533","0.00003580","0.00003588","0.00003433","93.17M","-1.51%"
"May 06, 2018","0.00003587","0.00003706","0.00003706","0.00003529","72.67M","-3.21%"
"May 05, 2018","0.00003706","0.00003691","0.00003766","0.00003643","73.27M","0.43%"
"May 04, 2018","0.00003690","0.00003765","0.00003825","0.00003618","100.67M","-1.89%"
"May 03, 2018","0.00003761","0.00004021","0.00004187","0.00003731","175.74M","-6.35%"
"May 02, 2018","0.00004016","0.00003909","0.00004094","0.00003847","165.86M","2.63%"
"May 01, 2018","0.00003913","0.00003689","0.00003985","0.00003549","192.78M","6.13%"
"Apr 30, 2018","0.00003687","0.00003847","0.00003847","0.00003610","166.31M","-4.21%"
"Apr 29, 2018","0.00003849","0.00003843","0.00004107","0.00003739","321.53M","1.13%"
"Apr 28, 2018","0.00003806","0.00003187","0.00003900","0.00003171","398.60M","19.50%"
"Apr 27, 2018","0.00003185","0.00003161","0.00003284","0.00003102","127.87M","0.85%"
"Apr 26, 2018","0.00003158","0.00003033","0.00003174","0.00002963","117.55M","4.22%"
"Apr 25, 2018","0.00003030","0.00003208","0.00003225","0.00002920","171.32M","-5.43%"
"Apr 24, 2018","0.00003204","0.00003217","0.00003432","0.00003178","196.59M","-0.44%"
"Apr 23, 2018","0.00003218","0.00003207","0.00003228","0.00003173","75.43M","0.37%"
"Apr 22, 2018","0.00003206","0.00003218","0.00003306","0.00003148","81.41M","-0.37%"
"Apr 21, 2018","0.00003218","0.00003400","0.00003469","0.00003109","146.76M","-5.41%"
"Apr 20, 2018","0.00003402","0.00003257","0.00003493","0.00003230","195.96M","4.26%"
"Apr 19, 2018","0.00003263","0.00003192","0.00003333","0.00003173","151.95M","1.78%"
"Apr 18, 2018","0.00003206","0.00003077","0.00003235","0.00003056","141.27M","4.19%"
"Apr 17, 2018","0.00003077","0.00003184","0.00003420","0.00003066","409.85M","-3.30%"
"Apr 16, 2018","0.00003182","0.00002708","0.00003188","0.00002645","492.66M","17.50%"
"Apr 15, 2018","0.00002708","0.00002554","0.00002743","0.00002544","123.25M","5.99%"
"Apr 14, 2018","0.00002555","0.00002550","0.00002589","0.00002499","92.05M","0.08%"
"Apr 13, 2018","0.00002553","0.00002720","0.00002760","0.00002521","240.76M","-5.86%"
"Apr 12, 2018","0.00002712","0.00002402","0.00002829","0.00002384","621.17M","12.81%"
"Apr 11, 2018","0.00002404","0.00002274","0.00002461","0.00002238","202.80M","5.72%"
"Apr 10, 2018","0.00002274","0.00002233","0.00002310","0.00002188","101.51M","1.74%"
"Apr 09, 2018","0.00002235","0.00002220","0.00002316","0.00002177","136.81M","0.72%"
"Apr 08, 2018","0.00002219","0.00002134","0.00002233","0.00002131","98.41M","3.98%"
"Apr 07, 2018","0.00002134","0.00002160","0.00002162","0.00002120","83.05M","-1.11%"
"Apr 06, 2018","0.00002158","0.00002167","0.00002185","0.00002117","89.94M","-0.51%"
"Apr 05, 2018","0.00002169","0.00002232","0.00002242","0.00002102","158.96M","-3.26%"
"Apr 04, 2018","0.00002242","0.00002292","0.00002374","0.00002184","193.37M","-2.01%"
"Apr 03, 2018","0.00002288","0.00002163","0.00002312","0.00002160","194.15M","5.78%"
"Apr 02, 2018","0.00002163","0.00002160","0.00002163","0.00002095","105.35M","0.09%"
"Apr 01, 2018","0.00002161","0.00002194","0.00002245","0.00002120","109.62M","-1.46%"
"Mar 31, 2018","0.00002193","0.00002084","0.00002235","0.00002052","142.47M","5.08%"
"Mar 30, 2018","0.00002087","0.00002007","0.00002091","0.00001968","119.06M","4.09%"
"Mar 29, 2018","0.00002005","0.00001980","0.00002057","0.00001906","124.11M","1.26%"
"Mar 28, 2018","0.00001980","0.00001948","0.00002019","0.00001943","103.07M","1.38%"
"Mar 27, 2018","0.00001953","0.00002017","0.00002030","0.00001892","134.83M","-3.12%"
"Mar 26, 2018","0.00002016","0.00002147","0.00002159","0.00001970","168.76M","-5.93%"
"Mar 25, 2018","0.00002143","0.00002161","0.00002186","0.00002106","123.39M","-0.79%"
"Mar 24, 2018","0.00002160","0.00002100","0.00002279","0.00002055","190.42M","2.66%"
"Mar 23, 2018","0.00002104","0.00002284","0.00002284","0.00002065","130.84M","-7.76%"
"Mar 22, 2018","0.00002281","0.00002333","0.00002392","0.00002166","153.02M","-2.27%"
"Mar 21, 2018","0.00002334","0.00002261","0.00002454","0.00002232","169.57M","3.27%"
"Mar 20, 2018","0.00002260","0.00002222","0.00002314","0.00002095","165.93M","1.85%"
"Mar 19, 2018","0.00002219","0.00001882","0.00002219","0.00001876","213.34M","18.03%"
"Mar 18, 2018","0.00001880","0.00001926","0.00001959","0.00001674","184.42M","-2.44%"
"Mar 17, 2018","0.00001927","0.00002116","0.00002124","0.00001913","102.71M","-8.93%"
"Mar 16, 2018","0.00002116","0.00002195","0.00002200","0.00002088","90.46M","-3.64%"
"Mar 15, 2018","0.00002196","0.00002349","0.00002379","0.00002170","119.68M","-6.47%"
"Mar 14, 2018","0.00002348","0.00002382","0.00002484","0.00002336","124.74M","-1.47%"
"Mar 13, 2018","0.00002383","0.00002381","0.00002413","0.00002320","94.95M","0.00%"
"Mar 12, 2018","0.00002383","0.00002292","0.00002488","0.00002253","111.47M","3.88%"
"Mar 11, 2018","0.00002294","0.00002291","0.00002316","0.00002224","43.54M","0.13%"
"Mar 10, 2018","0.00002291","0.00002320","0.00002357","0.00002257","60.17M","-1.29%"
"Mar 09, 2018","0.00002321","0.00002280","0.00002335","0.00002180","98.05M","1.71%"
"Mar 08, 2018","0.00002282","0.00002440","0.00002472","0.00002280","80.31M","-6.40%"
"Mar 07, 2018","0.00002438","0.00002585","0.00002585","0.00002306","110.96M","-5.69%"
"Mar 06, 2018","0.00002585","0.00002548","0.00002652","0.00002515","75.29M","1.49%"
"Mar 05, 2018","0.00002547","0.00002578","0.00002764","0.00002500","119.57M","-1.24%"
"Mar 04, 2018","0.00002579","0.00002544","0.00002686","0.00002523","71.66M","1.42%"
"Mar 03, 2018","0.00002543","0.00002626","0.00002788","0.00002500","83.69M","-3.16%"
"Mar 02, 2018","0.00002626","0.00002740","0.00002745","0.00002564","73.93M","-4.23%"
"Mar 01, 2018","0.00002742","0.00002925","0.00002933","0.00002690","103.81M","-6.32%"
"Feb 28, 2018","0.00002927","0.00003093","0.00003099","0.00002910","53.56M","-5.31%"
"Feb 27, 2018","0.00003091","0.00003139","0.00003169","0.00003024","55.53M","-1.56%"
"Feb 26, 2018","0.00003140","0.00003420","0.00003420","0.00003130","84.18M","-8.03%"
"Feb 25, 2018","0.00003414","0.00003100","0.00003580","0.00003093","111.88M","10.13%"
"Feb 24, 2018","0.00003100","0.00003160","0.00003168","0.00003052","41.87M","-1.93%"
"Feb 23, 2018","0.00003161","0.00003176","0.00003260","0.00003113","65.39M","-0.50%"
"Feb 22, 2018","0.00003177","0.00003140","0.00003212","0.00003100","51.79M","0.95%"
"Feb 21, 2018","0.00003147","0.00003091","0.00003261","0.00003036","72.29M","1.65%"
"Feb 20, 2018","0.00003096","0.00003357","0.00003363","0.00003060","70.87M","-7.75%"
"Feb 19, 2018","0.00003356","0.00003486","0.00003525","0.00003352","51.46M","-3.92%"
"Feb 18, 2018","0.00003493","0.00003710","0.00003712","0.00003458","53.37M","-5.85%"
"Feb 17, 2018","0.00003710","0.00003858","0.00003858","0.00003617","87.26M","-3.84%"
"Feb 16, 2018","0.00003858","0.00003840","0.00003914","0.00003760","68.75M","0.47%"
"Feb 15, 2018","0.00003840","0.00004103","0.00004143","0.00003805","59.75M","-6.43%"
"Feb 14, 2018","0.00004104","0.00004143","0.00004187","0.00004014","58.09M","-0.94%"
"Feb 13, 2018","0.00004143","0.00004150","0.00004243","0.00004040","57.72M","-0.29%"
"Feb 12, 2018","0.00004155","0.00004330","0.00004338","0.00004101","53.05M","-4.11%"
"Feb 11, 2018","0.00004333","0.00004475","0.00004490","0.00004316","33.06M","-3.28%"
"Feb 10, 2018","0.00004480","0.00004347","0.00004813","0.00004325","83.08M","3.34%"
"Feb 09, 2018","0.00004335","0.00004338","0.00004451","0.00004305","48.55M","-0.12%"
"Feb 08, 2018","0.00004340","0.00004375","0.00004400","0.00004337","57.12M","-0.80%"
"Feb 07, 2018","0.00004375","0.00004690","0.00004690","0.00004304","57.99M","-6.86%"
"Feb 06, 2018","0.00004697","0.00004549","0.00004730","0.00004264","94.23M","3.25%"
"Feb 05, 2018","0.00004549","0.00004672","0.00004727","0.00004319","74.88M","-2.94%"
"Feb 04, 2018","0.00004687","0.00004991","0.00005260","0.00004570","66.62M","-6.07%"
"Feb 03, 2018","0.00004990","0.00004593","0.00005380","0.00004184","122.14M","9.26%"
"Feb 02, 2018","0.00004567","0.00004543","0.00004600","0.00003618","129.94M","0.71%"
"Feb 01, 2018","0.00004535","0.00004940","0.00005076","0.00004401","60.14M","-8.18%"
"Jan 31, 2018","0.00004939","0.00005056","0.00005056","0.00004760","43.82M","-2.39%"
"Jan 30, 2018","0.00005060","0.00005310","0.00005310","0.00005002","34.57M","-4.69%"
"Jan 29, 2018","0.00005309","0.00005400","0.00005400","0.00005223","27.54M","-1.67%"
"Jan 28, 2018","0.00005399","0.00005447","0.00005503","0.00005302","25.17M","-0.83%"
"Jan 27, 2018","0.00005444","0.00005597","0.00005597","0.00005415","22.65M","-2.70%"
"Jan 26, 2018","0.00005595","0.00005672","0.00005805","0.00005295","47.93M","-1.17%"
"Jan 25, 2018","0.00005661","0.00005527","0.00005965","0.00005473","66.91M","2.39%"
"Jan 24, 2018","0.00005529","0.00005219","0.00005700","0.00005108","74.62M","6.02%"
"Jan 23, 2018","0.00005215","0.00005240","0.00005307","0.00005105","35.11M","-0.57%"
"Jan 22, 2018","0.00005245","0.00005365","0.00005365","0.00005084","44.89M","-2.04%"
"Jan 21, 2018","0.00005354","0.00005531","0.00005531","0.00005180","37.34M","-3.20%"
"Jan 20, 2018","0.00005531","0.00005676","0.00005770","0.00005228","56.06M","-2.62%"
"Jan 19, 2018","0.00005680","0.00005799","0.00005880","0.00005554","49.60M","-1.83%"
"Jan 18, 2018","0.00005786","0.00005695","0.00005985","0.00005451","83.31M","1.69%"
"Jan 17, 2018","0.00005690","0.00005449","0.00005990","0.00004600","102.08M","4.67%"
"Jan 16, 2018","0.00005436","0.00005705","0.00005750","0.00004579","100.39M","-4.63%"
"Jan 15, 2018","0.00005700","0.00005807","0.00006473","0.00005698","100.56M","-1.91%"
"Jan 14, 2018","0.00005811","0.00006146","0.00006146","0.00005563","65.37M","-5.31%"
"Jan 13, 2018","0.00006137","0.00006599","0.00006852","0.00005724","146.23M","-6.15%"
"Jan 12, 2018","0.00006539","0.00005174","0.00006840","0.00005020","176.07M","26.41%"
"Jan 11, 2018","0.00005173","0.00005300","0.00005435","0.00004470","102.31M","-2.40%"
"Jan 10, 2018","0.00005300","0.00005501","0.00005599","0.00004746","90.02M","-3.65%"
"Jan 09, 2018","0.00005501","0.00005887","0.00005998","0.00005312","92.71M","-6.56%"
"Jan 08, 2018","0.00005887","0.00006076","0.00006163","0.00005251","123.13M","-3.11%"
"Jan 07, 2018","0.00006076","0.00005888","0.00006480","0.00005862","72.55M","3.19%"
"Jan 06, 2018","0.00005888","0.00005700","0.00006440","0.00005480","96.44M","3.30%"
"Jan 05, 2018","0.00005700","0.00007590","0.00008163","0.00005170","165.62M","-24.90%"
"Jan 04, 2018","0.00007590","0.00007144","0.00008788","0.00006560","180.51M","6.24%"
"Jan 03, 2018","0.00007144","0.00005332","0.00007385","0.00005332","253.97M","33.98%"
"Jan 02, 2018","0.00005332","0.00005555","0.00005948","0.00004415","152.26M","-4.01%"
"Jan 01, 2018","0.00005555","0.00005190","0.00005555","0.00005101","63.37M","7.03%"